[{"ishd": null, "sub": "0", "country": "M\u1ef9 - Ch\u00e2u \u00c2u", "film_type": "Phim le", "film_star": "Jennifer Lawrence; Rose Byrne; Oscar Isaac", "name_vn": "X-Men: Apocalypse (2016)", "product_url": "http://phimnhanh.com/phim/di-nhan-khai-huyen-x-men-apocalypse-2016", "director": "Bryan Singer", "year": "2016", "film_genre": "H\u00e0nh \u0110\u1ed9ng; Th\u1ea7n Tho\u1ea1i; Phi\u00eau L\u01b0u", "image_poster": "https://4.bp.blogspot.com/-4YhiSrIel10/Vuu3R8RNEnI/AAAAAAAAZBc/RfzjrkQimdAW7dNrPTv0InaBu9PHAS2vQ/s1600/1.jpg", "name_en": "D\u1ecb Nh\u00e2n: Kh\u1ea3i Huy\u1ec1n", "film_status": null, "product_name": "phimnhanh", "description": "<p>Apocalypse l\u00e0 d\u1ecb nh\u00e2n \u0111\u1ea7u ti\u00ean v\u00e0 h\u00f9ng m\u1ea1nh nh\u1ea5t c\u1ee7a v\u0169 tr\u1ee5 X-Men, \u0111\u00e3\r\n t\u00edch l\u0169y \u0111\u01b0\u1ee3c r\u1ea5t nhi\u1ec1u quy\u1ec1n n\u0103ng \u0111\u1ed9t bi\u1ebfn kh\u00e1c nhau, tr\u1edf th\u00e0nh k\u1ebb b\u1ea5t\r\n t\u1eed v\u00e0 b\u1ea5t kh\u1ea3 chi\u1ebfn b\u1ea1i. Sau khi t\u1ec9nh d\u1eady t\u1eeb gi\u1ea5c ng\u1ee7 h\u00e0ng ng\u00e0n n\u0103m, \r\nh\u1eafn c\u1ea3m th\u1ea5y th\u1ea5t v\u1ecdng v\u1edbi th\u1ebf gi\u1edbi n\u00e0y v\u00e0 n\u0103ng l\u1ef1c \u0111\u00e1ng s\u1ee3 nh\u1ea5t c\u1ee7a h\u1eafn\r\n l\u00e0 kh\u1ed1ng ch\u1ebf nh\u1eefng ng\u01b0\u1eddi kh\u00e1c v\u00e0 bi\u1ebfn h\u1ecd th\u00e0nh k\u1ef5 s\u0129 c\u1ee7a m\u00ecnh, nh\u1eb1m t\u1ea9y\r\n s\u1ea1ch nh\u00e2n lo\u1ea1i v\u00e0 t\u1ea1o ra m\u1ed9t tr\u1eadt t\u1ef1 th\u1ebf gi\u1edbi m\u1edbi v\u00e0 qua \u0111\u00f3, h\u1eafn s\u1ebd tr\u1ecb\r\n v\u00ec n\u00f3. S\u1ed1 ph\u1eadn c\u1ee7a Tr\u00e1i \u0110\u1ea5t ph\u1ea3i \u0111\u1ed1i m\u1eb7t v\u1edbi t\u00ecnh hu\u1ed1ng ng\u00e0n c\u00e2n treo \r\ns\u1ee3i t\u00f3c, Raven c\u00f9ng v\u1edbi s\u1ef1 gi\u00fap \u0111\u1ee1 c\u1ee7a Gi\u00e1o S\u01b0 X bu\u1ed9c ph\u1ea3i d\u1eabn d\u1eaft m\u1ed9t \r\n\u0111\u1ed9i X-Men tr\u1ebb tu\u1ed5i nh\u1eb1m ch\u1ed1ng l\u1ea1i k\u1ebb th\u00f9 l\u1edbn nh\u1ea5t t\u1eeb tr\u01b0\u1edbc \u0111\u1ebfn nay v\u00e0 \r\nc\u1ee9u r\u1ed7i nh\u00e2n lo\u1ea1i kh\u1ecfi s\u1ef1 di\u1ec7t ch\u1ee7ng.</p> <p>C\u00e2u chuy\u1ec7n trong X-Men: Apocalypse di\u1ec5n ra 10 n\u0103m sau c\u00e1c s\u1ef1 ki\u1ec7n trong X-Men: Days of Future Past,\r\n thi\u1ebft l\u1eadp l\u1ea1i to\u00e0n b\u1ed9 th\u1eddi gian c\u1ee7a b\u1ed9 truy\u1ec7n. L\u00fac n\u00e0y Magneto \u0111ang \r\ntr\u1ed1n \u1edf Ba Lan, s\u1ed1ng m\u1ed9t cu\u1ed9c s\u1ed1ng b\u00ecnh th\u01b0\u1eddng v\u1edbi ng\u01b0\u1eddi ph\u1ee5 n\u1eef \u00f4ng y\u00eau. \r\nNh\u01b0ng s\u1ef1 m\u1ea5t m\u00e1t c\u1ee7a c\u00f4 \u1ea5y \u0111\u1ea9y \u00f4ng v\u00e0o th\u1ebf gi\u1edbi c\u1ee7a s\u1ef1 tuy\u1ec7t v\u1ecdng v\u00e0 \r\nb\u00f3ng t\u1ed1i. \u00d4ng ta t\u00ecm \u0111\u1ebfn Apocalypse nh\u01b0 m\u1ed9t v\u1ecb c\u1ee9u tinh, m\u1ed9t v\u1ecb th\u1ea7n v\u00e0 c\u1ea3m th\u1ea5y m\u00e3n nguy\u1ec7n khi \u0111\u01b0\u1ee3c \u1edf b\u00ean \u00f4ng ta c\u00f9ng 3 th\u00e0nh vi\u00ean kh\u00e1c trong nh\u00f3m T\u1ee9 k\u1ef5 g\u1ed3m Storm, Psylocke v\u00e0 Archangel .</p>"},
{"ishd": "1", "sub": "1", "country": "M\u1ef9 - Ch\u00e2u \u00c2u", "film_type": "Phim bo", "film_star": "Lee Pace; Anna Friel; Chi McBride", "name_vn": "Pushing Daisies Season 2 (2008)", "product_url": "http://phimnhanh.com/phim/nhat-ky-hoa-cuc-phan-2-pushing-daisies-season-2-2008", "director": "Bryan Fuller", "year": "2008", "film_genre": "T\u00e2m L\u00fd - T\u00ecnh C\u1ea3m; H\u00e0i H\u01b0\u1edbc; Th\u1ea7n Tho\u1ea1i", "image_poster": "https://2.bp.blogspot.com/-5wayJyUO4NU/Vui1IfsIq3I/AAAAAAAAY2A/ET5t6pAASnsbs_DYkozb5IIAlMo3zDKEg/s1600/1.jpg", "name_en": "Nh\u1eadt K\u00fd Hoa C\u00fac Ph\u1ea7n 2", "film_status": "1/13 t\u1eadp", "product_name": "phimnhanh", "description": "<p>Ned (Lee Pace th\u1ee7 vai) l\u00e0 m\u1ed9t th\u1ee3 l\u00e0m b\u00e1nh, \u0111\u01b0\u1ee3c ban t\u1eb7ng m\u1ed9t kh\u1ea3 n\u0103ng huy\u1ec1n b\u00ed l\u00e0 h\u1ed3i sinh nh\u1eefng th\u1ee9 \u0111\u00e3 ch\u1ebft, b\u1eb1ng c\u00e1ch ch\u1ea1m v\u00e0o ch\u00fang. Nh\u01b0ng c\u0169ng c\u00f3 nh\u1eefng \u0111i\u1ec1u ki\u1ec7n r\u00e0ng bu\u1ed9c v\u1edbi n\u0103ng l\u1ef1c n\u00e0y. Ned \u0111\u00e3 nhanh ch\u00f3ng hi\u1ec3u ra r\u1eb1ng n\u1ebfu th\u1ee9 g\u00ec \u0111\u00f3 \u0111\u00e3 ch\u1ebft s\u1ed1ng l\u1ea1i qu\u00e1 1 ph\u00fat, m\u1ed9t th\u1ee9 kh\u00e1c c\u00f3 gi\u00e1 tr\u1ecb t\u01b0\u01a1ng \u0111\u01b0\u01a1ng \u1edf g\u1ea7n \u0111\u00f3 s\u1ebd ph\u1ea3i ch\u1ebft, \u0111\u1ec3 \u0111\u1ea3m b\u1ea3o c\u00e2n b\u1eb1ng. H\u01a1n n\u1eefa, n\u1ebfu anh \u1ea5y ch\u1ea1m v\u00e0o nh\u1eefng ng\u01b0\u1eddi hay v\u1eadt \u0111\u00e3 \u0111\u01b0\u1ee3c h\u1ed3i sinh l\u1ea7n th\u1ee9 hai, h\u1ecd s\u1ebd ch\u1ebft m\u1ed9t l\u1ea7n n\u1eefa, v\u00e0 l\u1ea7n n\u00e0y l\u00e0 m\u00e3i m\u00e3i.</p>"},
{"ishd": "1", "sub": "1", "country": "M\u1ef9 - Ch\u00e2u \u00c2u", "film_type": "Phim bo", "film_star": "N/A", "name_vn": "The Fabric of the Cosmos (2011)", "product_url": "http://phimnhanh.com/phim/ket-cau-cua-vu-tru-the-fabric-of-the-cosmos-2011", "director": "N/A", "year": "2011", "film_genre": "Phi\u00eau L\u01b0u", "image_poster": "https://4.bp.blogspot.com/-lhTcBCSYGqk/Vui-zs_j-BI/AAAAAAAAY2Q/MOApPj4s2K4ixS6v1XmizRwKpN_RTX1Gw/s1600/1.jpg", "name_en": "K\u1ebft C\u1ea5u C\u1ee7a V\u0169 Tr\u1ee5", "film_status": "Full 4 t\u1eadp", "product_name": "phimnhanh", "description": "<p>L\u1ea1i l\u00e0 m\u1ed9t seri phim r\u1ea5t hay v\u00e0 kh\u00e1 chuy\u00ean m\u00f4n c\u1ee7a PBS v\u1ec1 l\u0129nh v\u1ef1c v\u1eadt l\u00fd, v\u1eadt l\u00fd thi\u00ean v\u0103n do nh\u00f3m ph\u1ee5 \u0111\u1ec1 Vi\u1ec7t n\u1ed5i ti\u1ebfng NASA-TEAM - Anhcos th\u1ef1c hi\u1ec7n.</p> <p>Phim g\u1ed3m 4 t\u1eadp k\u00e8m \u0111\u1ea7y \u0111\u1ee7 ph\u1ee5 \u0111\u1ec1 Vi\u1ec7t chu\u1ea9n:</p> <p>1. \u1ea2o t\u01b0\u1edfng v\u1ec1 th\u1eddi gian</p> <p>2. B\u01b0\u1edbc nh\u1ea3y l\u01b0\u1ee3ng t\u1eed</p> <p>3. V\u0169 tr\u1ee5 \u0111\u01a1n hay \u0111a v\u0169 tr\u1ee5</p> <p>4. Kh\u00f4ng gian l\u00e0 g\u00ec ?</p>"},
{"ishd": "1", "sub": "1", "country": "M\u1ef9 - Ch\u00e2u \u00c2u", "film_type": "Phim bo", "film_star": "Ben McKenzie; Jada Pinkett Smith; Donal Logue", "name_vn": "Gotham Season 2 (2015)", "product_url": "http://phimnhanh.com/phim/thanh-pho-toi-loi-phan-2-gotham-season-2-2015-2015", "director": "Bruno Heller", "year": "2015", "film_genre": "T\u00e2m L\u00fd - T\u00ecnh C\u1ea3m", "image_poster": "http://4.bp.blogspot.com/-41wxU0OJ_OE/VfwnDcQKeQI/AAAAAAAABZY/bVPJVXl5BZ4/s1600/1.jpg", "name_en": "Th\u00e0nh Ph\u1ed1 T\u1ed9i L\u1ed7i Ph\u1ea7n 2", "film_status": "14/22 t\u1eadp", "product_name": "phimnhanh", "description": "<p>\u00a0Ph\u1ea7n 2 n\u00f3i \u0111\u1ebfn cao tr\u00e0o h\u01a1n bao gi\u1edd h\u1ebft khi Gotham t\u00ecm ra nh\u1eefng ngu\u1ed3n g\u1ed1c v\u00e0 nh\u1eefng ti\u1ec3u s\u1eed v\u1ec1 c\u00e1c t\u00ean hung \u00e1c nh\u01b0 nh\u00f3m Super Villains, The Riddler (Vi\u00ean ph\u00e1p y v\u1edbi n\u1ee5 c\u01b0\u1eddi qu\u00e1i g\u1edf c\u00f9ng ni\u1ec1m \u0111am m\u00ea k\u1ef3 l\u1ea1 v\u1edbi nh\u1eefng c\u00e2u \u0111\u1ed1), The Joker v\u00e0 Mr. Freeze. Ngo\u00e0i ra, Bruce Wayne c\u00f2n ph\u00e1t hi\u1ec7n ra nhi\u1ec1u b\u00ed m\u1eadt h\u01a1n t\u1eeb qu\u00e1 kh\u1ee9 c\u1ee7a cha m\u00ecnh.</p>"},
{"ishd": "1", "sub": "1", "country": "M\u1ef9 - Ch\u00e2u \u00c2u", "film_type": "Phim bo", "film_star": "Paul Giamatti; Damian Lewis; Maggie Siff", "name_vn": "Billions Season 1 (2016)", "product_url": "http://phimnhanh.com/phim/cuoc-choi-bac-ty-phan-1-billions-season-1-2016", "director": "Brian Koppelman, David Levien, Andrew Ross Sorkin", "year": "2016", "film_genre": "T\u00e2m L\u00fd - T\u00ecnh C\u1ea3m", "image_poster": "http://1.bp.blogspot.com/-KgrwzMskJQ4/Vq-AzbjkJoI/AAAAAAAAWgE/70FVbc5mp6A/s1600/1.jpg", "name_en": "Cu\u1ed9c Ch\u01a1i B\u1ea1c T\u1ef7 Ph\u1ea7n 1", "film_status": "5/12 t\u1eadp", "product_name": "phimnhanh", "description": "<p>Phim l\u00e0 cu\u1ed9c \u0111\u1ea5u tr\u00ed gi\u1eefa Bi\u1ec7n l\u00fd Hoa K\u1ef3 Chuck Rhoades v\u00e0 t\u1ef7 ph\u00fa Bobby \r\nAxelrod nh\u1eb1m v\u1ea1ch m\u1eb7t tay t\u1ed9i ph\u1ea1m tr\u00ed th\u1ee9c n\u00e0y. M\u1ed9t g\u00f3c nh\u00ecn c\u1eadn c\u1ea3nh \r\nv\u00e0o gi\u1edbi t\u1ed9i ph\u1ea1m c\u1ed5 c\u1ed5n tr\u1eafng c\u1ee7a M\u1ef9 v\u1edbi nh\u1eefng \u00e2m m\u01b0u ch\u1ea1y \u00e1n v\u00e0 h\u1ed9i l\u1ed9\r\n c\u0169ng nh\u01b0 l\u0169ng \u0111o\u1ea1n th\u1ecb tr\u01b0\u1eddng.</p>"},
{"ishd": "1", "sub": "1", "country": "Th\u00e1i Lan", "film_type": "Phim bo", "film_star": "N/A", "name_vn": "Club Friday The Series Season 6 (2015)", "product_url": "http://phimnhanh.com/phim/tinh-yeu-khong-co-loi-loi-o-ban-than-club-friday-the-series-season-6-2015", "director": "N/A", "year": "2015", "film_genre": "T\u00e2m L\u00fd - T\u00ecnh C\u1ea3m", "image_poster": "https://3.bp.blogspot.com/-ABunX4S1bYA/VukPi041xbI/AAAAAAAAY2s/WbOUXBypHGIkdBn87HefKZk7FuTKvPJ3w/s1600/1.jpg", "name_en": "T\u00ecnh Y\u00eau Kh\u00f4ng C\u00f3 L\u1ed7i, L\u1ed7i \u1ede... B\u1ea1n Th\u00e2n", "film_status": "Full 4 t\u1eadp", "product_name": "phimnhanh", "description": "<p>T\u00ecnh Y\u00eau Kh\u00f4ng C\u00f3 L\u1ed7i, L\u1ed7i \u1ede... B\u1ea1n Th\u00e2n l\u00e0 c\u00e2u chuy\u1ec7n v\u1ec1 2 ng\u01b0\u1eddi b\u1ea1n th\u00e2n thu\u1ed9c series Club Friday The Series 6. B\u1ea1n t\u1ed1t v\u1edbi m\u1ed9t ai \u0111\u00f3 ch\u01b0a ch\u1eafc v\u1ec1 sau h\u1ecd c\u0169ng s\u1ebd t\u1ed1t y th\u1ebf v\u1edbi b\u1ea1n...</p>"},
{"ishd": "1", "sub": "1", "country": "M\u1ef9 - Ch\u00e2u \u00c2u", "film_type": "Phim bo", "film_star": "Elyes Gabel; Katharine McPhee; Eddie Kaye Thomas", "name_vn": "Scorpion Season 2 (2015)", "product_url": "http://phimnhanh.com/phim/bo-cap-phan-2-scorpion-season-2-2015-2015", "director": "Nick Santora", "year": "2015", "film_genre": "H\u00e0nh \u0110\u1ed9ng", "image_poster": "http://3.bp.blogspot.com/-kkIrfqgb4S8/VgKosBNfY5I/AAAAAAAABxo/ELu72ciz0IY/s1600/1.jpg", "name_en": "B\u1ecd C\u1ea1p Ph\u1ea7n 2", "film_status": "Full 19 t\u1eadp", "product_name": "phimnhanh", "description": "<p>\u00a0Phim t\u1eadp trung v\u00e0o m\u1ed9t thi\u00ean t\u00e0i l\u1eadp d\u1ecb v\u00e0 m\u1ea1ng l\u01b0\u1edbi qu\u1ed1c t\u1ebf v\u1ec1 si\u00eau thi\u00ean t\u00e0i c\u1ee7a \u00f4ng, \u0111\u1ed9i h\u00ecnh ph\u00f2ng th\u1ee7 m\u1edbi nh\u1ea5t ch\u1ed1ng l\u1ea1i c\u00e1c m\u1ed1i \u0111e d\u1ecda th\u1eddi hi\u1ec7n t\u1ea1i. \"Scorpion\" \u0111\u01b0\u1ee3c l\u1ea5y c\u1ea3m h\u1ee9ng t\u1eeb c\u00e2u chuy\u1ec7n c\u00f3 th\u1eadt c\u1ee7a Walter O'Brien (nickname \"Scorpion\"), CEO c\u1ee7a Scorpion Computer Services. Theo Wikipedia, Walter O\u2019Brien c\u00f3 ch\u1ec9 s\u1ed1 IQ cao th\u1ee9 4 th\u1ebf gi\u1edbi, cao h\u01a1n c\u1ea3 Albert Einstein v\u00e0 Stephen Hawkings. \u00d4ng l\u00e0 m\u1ed9t b\u1eb1ng ch\u1ee9ng s\u1ed1ng v\u1ec1 Gi\u00e1o s\u01b0 X (X-Men), \u00f4ng tuy\u1ec3n d\u1ee5ng v\u00e0 \u0111\u00e0o t\u1ea1o thi\u00ean t\u00e0i t\u1eeb kh\u1eafp n\u01a1i tr\u00ean th\u1ebf gi\u1edbi \u0111\u1ec3 l\u00e0m vi\u1ec7c c\u00f9ng nhau v\u00e0 gi\u1ea3i quy\u1ebft t\u1eeb c\u00e1c v\u1ea5n \u0111\u1ec1 an ninh s\u00f2ng b\u00e0i \u0111\u1ebfn chi\u1ebfn tranh ng\u01b0\u1eddi m\u00e1y kh\u00f4ng ng\u01b0\u1eddi l\u00e1i.</p>"},
{"ishd": "1", "sub": "1", "country": "Th\u00e1i Lan", "film_type": "Phim bo", "film_star": "Gybzy Wanida Termthanaporn; Apinya Sakuljaroensuk; Bie KPN", "name_vn": "Club Friday To Be Continued (2016)", "product_url": "http://phimnhanh.com/phim/tinh-yeu-khong-co-loi-loi-o-ban-than-phan-2-ban-tot-ban-deu-2016", "director": "Kasemsuk", "year": "2016", "film_genre": "T\u00e2m L\u00fd - T\u00ecnh C\u1ea3m", "image_poster": "https://2.bp.blogspot.com/-qyu0quY5u_0/VukSgUTlqZI/AAAAAAAAY24/X8nCd9BS42gP1oiSFvly90L55srJzQ-kQ/s1600/1.jpg", "name_en": "T\u00ecnh Y\u00eau Kh\u00f4ng C\u00f3 L\u1ed7i, L\u1ed7i \u1ede B\u1ea1n Th\u00e2n Ph\u1ea7n 2 - B\u1ea1n T\u1ed1t, B\u1ea1n \u0110\u1ec3u", "film_status": "1/10 t\u1eadp", "product_name": "phimnhanh", "description": "<p>Ph\u1ea7n ti\u1ebfp theo c\u1ee7a series phim ng\u1eafn T\u00ecnh Y\u00eau Kh\u00f4ng C\u00f3 L\u1ed7i, L\u1ed7i \u1ede B\u1ea1n Th\u00e2n.</p>"},
{"ishd": "1", "sub": "1", "country": "M\u1ef9 - Ch\u00e2u \u00c2u", "film_type": "Phim bo", "film_star": "James Franco; Sarah Gadon; Cherry Jones", "name_vn": "11.22.63 Season 1 (2016)", "product_url": "http://phimnhanh.com/phim/quay-tro-ve-qua-khu-phan-1-11-22-63-season-1-2016", "director": "N/A", "year": "2016", "film_genre": "Vi\u1ec5n T\u01b0\u1edfng", "image_poster": "https://3.bp.blogspot.com/-mcVMcrZcX7c/VsZ7z2wnTXI/AAAAAAAAXLA/syo4az-WHxg/s1600/1.jpg", "name_en": "Quay Tr\u1edf V\u1ec1 Qu\u00e1 Kh\u1ee9 Ph\u1ea7n 1", "film_status": "5/8 t\u1eadp", "product_name": "phimnhanh", "description": "<p>M\u1ecdi chuy\u1ec7n b\u1eaft \u0111\u1ea7u khi Jake Epping, m\u1ed9t gi\u00e1o vi\u00ean trung h\u1ecdc \u0111\u01b0\u1ee3c \r\nng\u01b0\u1eddi b\u1ea1n th\u00e2n ti\u1ebft l\u1ed9 v\u1ec1 c\u00e1nh c\u1ed5ng th\u1eddi gian \u0111\u1ec3 tr\u1edf l\u1ea1i qu\u00e1 kh\u1ee9 v\u1edbi m\u1ee5c\r\n \u0111\u00edch ng\u0103n ch\u1eb7n v\u1ee5 \u00e1m s\u00e1t t\u1ed5ng th\u1ed1ng M\u1ef9 John F. Kennedy x\u1ea3y ra v\u00e0o ng\u00e0y \r\n22/11/1963. Li\u1ec1u l\u0129nh ch\u1ea5p nh\u1eadn nhi\u1ec7m v\u1ee5 n\u00e0y, Jake \u0111\u00e3 b\u1ecb cu\u1ed1n v\u00e0o v\u00f4 s\u1ed1 \r\nnh\u1eefng manh m\u1ed1i v\u00e0 nh\u1eefng quan h\u1ec7 ph\u1ee9c t\u1ea1p, c\u00f9ng v\u1edbi \u0111\u00f3 l\u00e0 s\u1ef1 \u0111\u00e1p tr\u1ea3 v\u00e0 \r\ntr\u1eebng ph\u1ea1t c\u1ee7a qu\u00e1 kh\u1ee9 d\u00e0nh cho nh\u1eefng k\u1ebb mu\u1ed1n thay \u0111\u1ed5i n\u00f3.</p>"},
{"ishd": "1", "sub": "1", "country": "M\u1ef9 - Ch\u00e2u \u00c2u", "film_type": "Phim bo", "film_star": "Tom Ellis; Lauren German; Lesley-Ann Brandt; Kevin Alejandro; Rachael Harris", "name_vn": "Lucifer Season 1 (2016)", "product_url": "http://phimnhanh.com/phim/chua-te-dia-nguc-phan-1-lucifer-season-1-2016", "director": "N/A", "year": "2016", "film_genre": "Th\u1ea7n Tho\u1ea1i", "image_poster": "http://4.bp.blogspot.com/-T2a6DrVzwqU/Vqdv-hhOQ9I/AAAAAAAAWLQ/CihKQqYeVRo/s1600/1.jpg", "name_en": "Ch\u00faa T\u1ec3 \u0110\u1ecba Ng\u1ee5c Ph\u1ea7n 1", "film_status": "8/13 t\u1eadp", "product_name": "phimnhanh", "description": "<p>Bu\u1ed3n ch\u00e1n khi l\u00e0m ch\u00faa t\u1ec3 c\u1ee7a \u0111\u1ecba ng\u1ee5c, Lucifer r\u1eddi b\u1ecf ngai v\u1ecb c\u1ee7a m\u00ecnh \r\n\u0111\u1ec3 \u0111\u1ebfn th\u00e0nh ph\u1ed1 Los Angeles, th\u00e0nh ph\u1ed1 c\u1ee7a nh\u1eefng thi\u00ean th\u1ea7n. T\u1ea1i \u0111\u00e2y \r\nLucifer v\u1edbi kh\u1ea3 n\u0103ng \u0111\u1eb7c bi\u1ec7t c\u1ee7a m\u00ecnh \u0111\u00e3 tham gia gi\u00fap LAPD tr\u1eebng tr\u1ecb \r\nb\u1ecdn t\u1ed9i ph\u1ea1m.</p>"},
{"ishd": "1", "sub": "1", "country": "M\u1ef9 - Ch\u00e2u \u00c2u", "film_type": "Phim bo", "film_star": "Clark Gregg; Ming-Na Wen; Brett Dalton", "name_vn": "Agents of S.H.I.E.L.D. Season 3 (2015)", "product_url": "http://phimnhanh.com/phim/dac-vu-s-h-i-e-l-d-phan-3-agents-of-s-h-i-e-l-d-season-3-2015-2015", "director": "Maurissa Tancharoen, Jed Whedon, Joss Whedon", "year": "2015", "film_genre": "H\u00e0nh \u0110\u1ed9ng", "image_poster": "http://3.bp.blogspot.com/-aY1znTQ0Ycc/VgykKNuBnMI/AAAAAAAACHQ/Kq_n4w6zWEU/s1600/1.jpg", "name_en": "\u0110\u1eb7c V\u1ee5 S.H.I.E.L.D. Ph\u1ea7n 3", "film_status": "12/22 t\u1eadp", "product_name": "phimnhanh", "description": "<p>\u00a0Trong nh\u1eefng t\u1eadp \u0111\u1ea7u\u00a0Marvels Agents of S.H.I.E.L.D Season 3,\u00a0Daisy(Skye) l\u00e0 ng\u01b0\u1eddi c\u00f3 si\u00eau n\u0103ng l\u1ef1c duy nh\u1ea5t trong team Secret Warriors, b\u1edfi v\u00ec n\u00f3 s\u1ebd c\u1ea7n m\u1ed9t th\u1eddi gian \u0111\u1ec3 tr\u1edf th\u00e0nh team h\u00f9ng h\u1eadu.\u00a0Sau th\u00e0nh c\u00f4ng to l\u1edbn c\u1ee7a The Avengers (v\u00e0 gi\u1edd l\u00e0 Iron Man 3), Disney c\u00f9ng Marvel Studios \u0111\u00e3 tri\u1ec3n khai c\u00e1c d\u1ef1 \u00e1n l\u1edbn nh\u1ecf kh\u00e1c li\u00ean quan \u0111\u1ebfn lo\u1ea1t phim si\u00eau anh h\u00f9ng c\u1ee7a h\u1ecd. M\u1edbi \u0111\u00e2y, lo\u1ea1t\u00a0phim\u00a0truy\u1ec1n h\u00ecnh v\u1ec1 S.H.I.E.L.D, c\u01a1 quan ch\u00ednh ph\u1ee7 chuy\u00ean ph\u1ee5 tr\u00e1ch c\u00e1c v\u1ea5n \u0111\u1ec1 si\u00eau n\u0103ng l\u1ef1c, \u0111\u00e3 ch\u00ednh th\u1ee9c \u0111\u01b0\u1ee3c tung teaser v\u00e0 s\u1ebd l\u00ean s\u00f3ng trong n\u0103m 2013, v\u1edbi t\u00ean ch\u00ednh th\u1ee9c l\u00e0 Agents of S.H.I.E.L.D. Fan c\u1ee7a comics v\u00e0 \u0111i\u1ec7n \u1ea3nh c\u00f3 l\u1ebd \u0111\u00e3 kh\u00f4ng c\u00f2n xa l\u1ea1 g\u00ec v\u1edbi t\u1ed5 ch\u1ee9c S.H.I.E.L.D. v\u00e0 c\u00e1c nh\u00e2n v\u1eadt c\u1ee7a Marvel. Series Agents of S.H.I.E.L.D. c\u0169ng s\u1ebd \u0111\u1eb7t chung b\u1ed1i c\u1ea3nh v\u1edbi c\u00e1c phim \u0111i\u1ec7n \u1ea3nh c\u1ee7a Marvel, \u0111\u01b0\u1ee3c g\u1ecdi l\u00e0 Marvel Cinematic Universe (MCU). Ngh\u0129a l\u00e0 c\u00f3 l\u00fac series s\u1ebd m\u1edf r\u1ed9ng v\u00e0 gi\u1ea3i th\u00edch th\u00eam v\u1ec1 m\u1ed9t s\u1ed1 t\u00ecnh ti\u1ebft v\u00e0 nh\u00e2n v\u1eadt trong phim \u0111i\u1ec7n \u1ea3nh, c\u00f3 khi s\u1ebd c\u00f3 Cap, Bruce Banner, hay Black Widow g\u00ec \u0111\u00f3 xu\u1ea5t hi\u1ec7n, ho\u1eb7c c\u0169ng c\u00f3 th\u1ec3 \u0111\u1ec3 d\u1ecdn \u0111\u01b0\u1eddng cho s\u1ef1 xu\u1ea5t hi\u1ec7n c\u1ee7a c\u00e1c nh\u00e2n v\u1eadt kh\u00e1c trong Marvel kh\u00f4ng \u0111\u1ee7 \"\u0111\u1ed9 hot\" \u0111\u1ec3 l\u00e0m phim \u0111i\u1ec7n \u1ea3nh. Ng\u01b0\u1eddi \u0111\u1ee9ng sau d\u1ef1 \u00e1n n\u00e0y ch\u00ednh l\u00e0 Joss Whedon, \u0111\u1ea1o di\u1ec5n c\u1ee7a The Avengers. Whedon c\u0169ng r\u1ea5t c\u00f3 kinh nghi\u00eam v\u1edbi phim truy\u1ec1n h\u00ecnh v\u00e0 \u0111\u00e3 t\u1eebng r\u1ea5t th\u00e0nh c\u00f4ng v\u1edbi Buffy the Vampire Slayer. Trong d\u00e0n cast c\u1ee7a phim \u0110\u1eb7c V\u1ee5 S.H.I.E.L.D 2\u00a0s\u1ebd c\u00f3 s\u1ef1 tr\u1edf l\u1ea1i \u0111\u00e1ng ch\u00fa \u00fd c\u1ee7a Clark Gregg trong vai Phil Coulson (b\u1ecb Loki gi\u1ebft trong Avengers). K\u00ednh m\u1eddi c\u00e1c b\u1ea1n c\u00f9ng theo d\u00f5i phim\u00a0\u0110\u1eb7c V\u1ee5 S.H.I.E.L.D 3 2015</p>"},
{"ishd": "1", "sub": "1", "country": "M\u1ef9 - Ch\u00e2u \u00c2u", "film_type": "Phim bo", "film_star": "Vera Farmiga; Freddie Highmore; Max Thieriot", "name_vn": "Bates Motel Season 4 (2016)", "product_url": "http://phimnhanh.com/phim/nha-nghi-bates-phan-4-bates-motel-season-4-2016", "director": "Carlton Cuse, Kerry Ehrin, Anthony Cipriano", "year": "2016", "film_genre": "T\u00e2m L\u00fd - T\u00ecnh C\u1ea3m; Kinh D\u1ecb - Ma", "image_poster": "https://3.bp.blogspot.com/-sUNr5SqwGe8/VunbVR_BCoI/AAAAAAAAY30/y1BoEtxNuQwPVo5Ux1C4QgNJsnjf0oCRA/s1600/1.jpg", "name_en": "Nh\u00e0 Ngh\u1ec9 Bates Ph\u1ea7n 4", "film_status": "2/10 t\u1eadp", "product_name": "phimnhanh", "description": "<p>Bates Motel l\u00e0 TV Series kinh d\u1ecb k\u1ec3 v\u1ec1 t\u00ean s\u00e1t nh\u00e2n h\u00e0ng lo\u1ea1t Norman \r\nBates - nh\u00e2n v\u1eadt trong b\u1ed9 phim kinh d\u1ecb n\u1ed5i ti\u1ebfng Psycho. N\u1ed9i dung c\u1ee7a \r\nphim kh\u00f4ng ph\u1ea3i l\u00e0 nh\u1eefng g\u00ec di\u1ec5n ra t\u1ea1i th\u1eddi \u0111i\u1ec3m m\u00e0 Norman Bates \u0111\u00e3 tr\u1edf\r\n n\u00ean \u0111i\u00ean lo\u1ea1n trong Psycho m\u00e0 l\u00e0 quay ng\u01b0\u1ee3c l\u1ea1i qu\u00e1 kh\u1ee9 c\u1ee7a h\u1eafn, l\u00fac \r\nh\u1eafn 17 tu\u1ed5i v\u00e0 l\u00fd gi\u1ea3i t\u1ea1i sao Norman l\u1ea1i tr\u1edf th\u00e0nh m\u1ed9t t\u00ean s\u00e1t nh\u00e2n m\u00e1u\r\n l\u1ea1nh nh\u01b0 th\u1ebf.</p>"},
{"ishd": "1", "sub": "1", "country": "M\u1ef9 - Ch\u00e2u \u00c2u", "film_type": "Phim bo", "film_star": "Bradley James; Megalyn Echikunwoke; Omid Abtahi", "name_vn": "Damien Season 1 (2016)", "product_url": "http://phimnhanh.com/phim/dua-con-cua-quy-phan-1-damien-season-1-2016", "director": "Glen Mazzara", "year": "2016", "film_genre": "T\u00e2m L\u00fd - T\u00ecnh C\u1ea3m; Kinh D\u1ecb - Ma", "image_poster": "https://4.bp.blogspot.com/-zPH6-8JmfRA/VuoR_UoN-pI/AAAAAAAAY7g/OnaqnIdrLPwU8uizTSNxKu9teZyLpC-nA/s1600/1.jpg", "name_en": "\u0110\u1ee9a Con C\u1ee7a Qu\u1ef7 Ph\u1ea7n 1", "film_status": "2/10 t\u1eadp", "product_name": "phimnhanh", "description": "<p>Robert c\u00f9ng v\u1ee3 m\u00ecnh l\u00e0 Katherine, sau hai l\u1ea7n s\u1ea9y thai, \u0111\u00e3 l\u1ea1i h\u1ea1 \r\nsinh m\u1ed9t m\u1ee5n con ch\u1ebft ngay sau khi l\u1ecdt l\u00f2ng. Ngay khi \u0111\u00f3, Robert \u0111\u01b0\u1ee3c v\u1ecb\r\n linh m\u1ee5c c\u1ee7a b\u1ec7nh vi\u1ec7n cho xem m\u1ed9t \u0111\u1ee9a b\u00e9 s\u01a1 sinh kh\u00e1c v\u00e0 b\u1ea3o h\u00e3y nh\u1eadn \r\nn\u00f3 l\u00e0m con v\u00ec \u0111\u00f3 l\u00e0 tr\u1ebb m\u1ed3 c\u00f4i c\u1ea3 b\u1ed1 l\u1eabn m\u1eb9. Robert \u0111\u00e3 ch\u1ea5p nh\u1eadn v\u00e0 \r\nquy\u1ebft \u0111\u1ecbnh gi\u1ea5u v\u1ee3 m\u00ecnh chuy\u1ec7n n\u00e0y. \u0110\u1ee9a b\u00e9 \u0111\u01b0\u1ee3c \u0111\u1eb7t t\u00ean l\u00e0 Damien v\u00e0 l\u1edbn\r\n l\u00ean trong t\u00ecnh y\u00eau th\u01b0\u01a1ng c\u1ee7a c\u1eb7p v\u1ee3 ch\u1ed3ng. Khi Damien \u0111\u01b0\u1ee3c 5 tu\u1ed5i th\u00ec \r\nnh\u1eefng chuy\u1ec7n kinh kh\u1ee7ng li\u00ean ti\u1ebfp x\u1ea3y ra, v\u00fa em treo c\u1ed5 t\u1ef1 t\u1eed \u0111\u00fang v\u00e0o \r\nng\u00e0y sinh nh\u1eadt c\u1ee7a b\u00e9; nh\u1eefng th\u00fa hoang trong v\u01b0\u1eddn b\u00e1ch th\u00fa t\u1ecf v\u1ebb kinh s\u1ee3\r\n khi b\u00e9 xu\u1ea5t hi\u1ec7n, ch\u00ednh b\u00e9 n\u1ed5i c\u01a1n gi\u1eadn khi \u0111\u01b0\u1ee3c ch\u1edf \u0111\u1ebfn nh\u00e0 th\u1edd. D\u1ea7n \r\nd\u00e0, Robert ph\u00e1t hi\u1ec7n ra r\u1eb1ng, Damien ch\u00ednh l\u00e0 \u0111\u1ea1i di\u1ec7n c\u1ee7a qu\u1ef7 Satan \r\ntr\u00ean tr\u1ea7n gian. Nhi\u1ec1u n\u0103m sau khi tr\u01b0\u1edfng th\u00e0nh, Damien ph\u1ea3i ti\u1ebfp t\u1ee5c \u0111\u1ed1i\r\n di\u1ec7n v\u1edbi b\u1ea3n ng\u00e3 c\u1ee7a ch\u00ednh m\u00ecnh\" \u0111\u1ee9a con c\u1ee7a Qu\u1ef7 Satan - K\u1ebb Ph\u1ea3n \r\nCh\u00faa...</p>"},
{"ishd": "1", "sub": "1", "country": "M\u1ef9 - Ch\u00e2u \u00c2u", "film_type": "Phim bo", "film_star": "Kevin Spacey; Michel Gill; Robin Wright", "name_vn": "House of Cards Season 4 (2016)", "product_url": "http://phimnhanh.com/phim/song-gio-chinh-truong-phan-4-house-of-cards-season-4-2016", "director": "N/A", "year": "2016", "film_genre": "T\u00e2m L\u00fd - T\u00ecnh C\u1ea3m", "image_poster": "https://1.bp.blogspot.com/-rBIXbX9rrAw/VuKj5Eh5b9I/AAAAAAAAYfU/_QEwx_L7kHgT94lFQle9pg0IZ_CoSK7MA/s1600/1.jpg", "name_en": "S\u00f3ng Gi\u00f3 Ch\u00ednh Tr\u01b0\u1eddng Ph\u1ea7n 4", "film_status": "7/13 t\u1eadp", "product_name": "phimnhanh", "description": "<p>Phim House of Cards 4 l\u00e0 m\u1ed9t b\u1ed9 phim truy\u1ec1n h\u00ecnh ch\u00ednh tr\u1ecb M\u1ef9 ph\u00e1t tri\u1ec3n\r\n v\u00e0 s\u1ea3n xu\u1ea5t b\u1edfi Beau Willimon. Thi\u1ebft l\u1eadp trong ng\u00e0y hi\u1ec7n t\u1ea1i \r\nWashington, DC, House of Cards l\u00e0 c\u00e2u chuy\u1ec7n v\u1ec1 Frank Underwood, \u0111\u1ea3ng \r\nD\u00e2n ch\u1ee7 t\u1eeb huy\u1ec7n Qu\u1ed1c h\u1ed9i l\u1ea7n th\u1ee9 5 c\u1ee7a South Carolina v\u00e0 Nh\u00e0 \u0110a Whip \r\nng\u01b0\u1eddi, sau khi nh\u1eadn \u0111\u01b0\u1ee3c th\u00f4ng qua tr\u00ean \u0111\u1ec3 b\u1ed5 nhi\u1ec7m th\u01b0 k\u00fd c\u1ee7a Nh\u00e0 n\u01b0\u1edbc,\r\n quy\u1ebft \u0111\u1ecbnh tr\u1ea3 th\u00f9 c\u1ee7a m\u00ecnh tr\u00ean nh\u1eefng ng\u01b0\u1eddi ph\u1ea3n b\u1ed9i anh.</p>"},
{"ishd": "1", "sub": "1", "country": "M\u1ef9 - Ch\u00e2u \u00c2u", "film_type": "Phim bo", "film_star": "Katherine McNamara; Dominic Sherwood; Alberto Rosende", "name_vn": "Shadowhunters: The Mortal Instruments Season 1 (2016)", "product_url": "http://phimnhanh.com/phim/tho-san-bong-toi-vu-khi-bong-dem-phan-1-shadowhunters-the-mortal-instruments-season-1-2016-2016", "director": "N/A", "year": "2016", "film_genre": "H\u00e0nh \u0110\u1ed9ng", "image_poster": "http://1.bp.blogspot.com/-vYYcbOjSzBg/VpdeuEDRvHI/AAAAAAAAQhg/JUBZhdOL5x8/s1600/1.jpg", "name_en": "Th\u1ee3 S\u0103n B\u00f3ng T\u1ed1i: V\u0169 Kh\u00ed B\u00f3ng \u0110\u00eam Ph\u1ea7n 1", "film_status": "10/13 t\u1eadp", "product_name": "phimnhanh", "description": "<p>Chuy\u1ec7n k\u1ec3 v\u1ec1 Clary Fray v\u00e0o ng\u00e0y sinh nh\u1eadt 18 tu\u1ed5i c\u1ee7a m\u00ecnh b\u1ed7ng ph\u00e1t  hi\u1ec7n c\u00f4 l\u00e0 m\u1ed9t Shadowhunter (Th\u1ee3 S\u0103n B\u00f3ng \u0110\u00eam) , c\u00f9ng v\u1edbi nh\u1eefng ng\u01b0\u1eddi  b\u1ea1n m\u1edbi v\u00e0 anh ch\u00e0ng \u0111i\u1ec3n trai Jace c\u00f4 ph\u1ea3i h\u1ecdc c\u00e1ch chi\u1ebfn \u0111\u1ea5u ch\u1ed1ng l\u1ea1i  c\u00e1c th\u1ebf l\u1ef1c \u1edf th\u1ebf gi\u1edbi ng\u1ea7m c\u0169ng nh\u01b0 kh\u00e1m ph\u00e1 ra nhi\u1ec1u s\u1ef1 th\u1eadt trong  qu\u00e1 kh\u1ee9...</p>"},
{"ishd": "1", "sub": "1", "country": "M\u1ef9 - Ch\u00e2u \u00c2u", "film_type": "Phim bo", "film_star": "Tom Hiddleston; Hugh Laurie; Olivia Colman", "name_vn": "The Night Manager Season 1 (2016)", "product_url": "http://phimnhanh.com/phim/nguoi-quan-ly-ca-dem-phan-1-the-night-manager-season-1-2016", "director": "N/A", "year": "2016", "film_genre": "H\u00e0nh \u0110\u1ed9ng; T\u00e2m L\u00fd - T\u00ecnh C\u1ea3m", "image_poster": "https://2.bp.blogspot.com/-jMypN3FdvZw/Vs1diXgyGcI/AAAAAAAAXsE/UCIqkfWDsY4/s1600/1.jpg", "name_en": "Ng\u01b0\u1eddi Qu\u1ea3n L\u00fd Ca \u0110\u00eam Ph\u1ea7n 1", "film_status": "4/6 t\u1eadp", "product_name": "phimnhanh", "description": "<p>Qua v\u00e0i l\u1ea7n ng\u1eabu nhi\u00ean bi\u1ebft \u0111\u01b0\u1ee3c v\u00e0i th\u00f4ng tin m\u1eadt v\u00e0 cung c\u1ea5p cho \r\nIEA, m\u1ed9t qu\u1ea3n l\u00fd kh\u00e1ch s\u1ea1n \u0111\u01b0\u1ee3c ng\u01b0\u1eddi c\u1ee7a IEA c\u00e0i v\u00e0o m\u1ed9t m\u1ea1ng l\u01b0\u1edbi bu\u00f4n\r\n b\u00e1n v\u0169 kh\u00ed t\u1ea7m qu\u1ed1c t\u1ebf. C\u00e2u chuy\u1ec7n s\u1ebd ti\u1ebfp t\u1ee5c theo chi\u1ec1u h\u01b0\u1edbng n\u00e0o khi\r\n \"Ai c\u0169ng c\u00f3 th\u1ec3 ph\u1ea3n b\u1ed9i b\u1ea5t c\u1ee9 ng\u01b0\u1eddi n\u00e0o\"?</p>"},
{"ishd": "1", "sub": "0", "country": "H\u00e0n Qu\u1ed1c", "film_type": "Phim bo", "film_star": "Jang Na Ra; Jung Kyung Ho; Kwon Yool; Yoo Da In; Yoo In Na; Seo In Young", "name_vn": "One More Happy Ending (2016)", "product_url": "http://phimnhanh.com/phim/yeu-lai-tu-dau-one-more-happy-ending-2016", "director": "Kwon Sung-Chan", "year": "2016", "film_genre": "T\u00e2m L\u00fd - T\u00ecnh C\u1ea3m", "image_poster": "http://1.bp.blogspot.com/-BU-d9bYlUtA/VqWaTxyZJII/AAAAAAAAJrc/FCtnbq9EG4g/s1600/one-more-happy-ending.jpg", "name_en": "Y\u00eau L\u1ea1i T\u1eeb \u0110\u1ea7u", "film_status": "Full 16 t\u1eadp", "product_name": "phimnhanh", "description": "<p>B\u1ed9 phim l\u00e0 m\u1ed9t c\u00e2u chuy\u1ec7n c\u1ea3m \u0111\u1ed9ng v\u1ec1 ly h\u00f4n, t\u00e1i h\u00f4n v\u00e0 m\u1ed9t l\u1ea7n n\u1eefa \r\nt\u00ecm th\u1ea5y h\u1ea1nh ph\u00fac.Trong phim, Jang Na Ra v\u00e0o vai Han Mi Mo - m\u1ed9t ph\u1ee5 n\u1eef\r\n s\u1ed1ng t\u1ef1 do, t\u1ef1 t\u1ea1i sau khi ly h\u00f4n. C\u00f4 l\u00e0 \u0111\u1ea1i di\u1ec7n c\u1ee7a m\u1ed9t c\u00f4ng ty t\u01b0 \r\nv\u1ea5n v\u1ec1 vi\u1ec7c t\u00e1i h\u00f4n. Mi Mo lu\u00f4n \u0111\u01b0a cho kh\u00e1ch h\u00e0ng c\u1ee7a m\u00ecnh nh\u1eefng l\u1eddi \r\nkhuy\u00ean ch\u00e2n th\u00e0nh nh\u01b0ng c\u00f3 ph\u1ea7n ph\u0169 ph\u00e0ng v\u1ec1 vi\u1ec7c ti\u1ebfn t\u1edbi m\u1ed9t m\u1ed1i quan \r\nh\u1ec7 m\u1edbi.</p>"},
{"ishd": "1", "sub": "1", "country": "M\u1ef9 - Ch\u00e2u \u00c2u", "film_type": "Phim bo", "film_star": "David Attenborough; Simon Blakeney; James Aldred", "name_vn": "Africa (2013)", "product_url": "http://phimnhanh.com/phim/chau-phi-africa-2013", "director": "N/A", "year": "2013", "film_genre": "Phi\u00eau L\u01b0u", "image_poster": "https://3.bp.blogspot.com/-IOqo2iKlz4g/VuqcwbtmZOI/AAAAAAAAY70/uYakmzpda2cddPy7rJNw_ZqiS1LXtdeHw/s1600/1.jpg", "name_en": "Ch\u00e2u Phi", "film_status": "Full 6 t\u1eadp", "product_name": "phimnhanh", "description": null},
{"ishd": "1", "sub": "1", "country": "M\u1ef9 - Ch\u00e2u \u00c2u", "film_type": "Phim bo", "film_star": "Richard Miles; Simon Russell Beale; Julie Berry", "name_vn": "Ancient Worlds (2010)", "product_url": "http://phimnhanh.com/phim/the-gioi-co-dai-ancient-worlds-2010", "director": "N/A", "year": "2010", "film_genre": "Phi\u00eau L\u01b0u", "image_poster": "https://2.bp.blogspot.com/-8QPTyqSftCI/Vuqel-l_hkI/AAAAAAAAY8A/PRIbji1PeasW6qD3D6Raw9LMRSBuzrWvw/s1600/1.jpg", "name_en": "Th\u1ebf Gi\u1edbi C\u1ed5 \u0110\u1ea1i", "film_status": "Full 6 t\u1eadp", "product_name": "phimnhanh", "description": "<p>B\u1ed9 phim n\u00f3i v\u1ec1 cu\u1ed9c s\u1ed1ng c\u1ee7a con ng\u01b0\u1eddi v\u00e0 c\u00e1c \u0111\u1ecba \u0111i\u1ec3m, ch\u00ednh tr\u1ecb v\u00e0 \r\nkinh t\u1ebf, ngh\u1ec7 thu\u1eadt v\u00e0 chi\u1ebfn tranh, giao th\u01b0\u01a1ng v\u00e0 k\u1ef9 thu\u1eadt, nh\u01b0ng h\u01a1n \r\nh\u1ebft \u0111\u00f3 l\u00e0 nh\u1eefng c\u00e2u chuy\u1ec7n v\u1ec1 nh\u1eefng cu\u1ed9c s\u1ed1ng kh\u1ed5 c\u1ef1c v\u00e0 s\u1ef1 ph\u00e1t tri\u1ec3n \r\nkh\u00f3 kh\u0103n c\u1ee7a m\u1ed9t \u00fd t\u01b0\u1edfng c\u1ea5p ti\u1ebfn l\u1ea7n \u0111\u1ea7u ti\u00ean \u0111\u01b0\u1ee3c th\u1eed nghi\u1ec7m r\u1ed3i l\u1ea1i \r\nth\u1eed nghi\u1ec7m v\u00e0o 6,000 n\u0103m tr\u01b0\u1edbc.</p> <p>Khi n\u00f3i v\u1ec1 th\u1ebf gi\u1edbi c\u1ed5 \u0111\u1ea1i, ch\u00fang ta \r\nth\u01b0\u1eddng s\u1ebd ngh\u0129 ngay \u0111\u1ebfn nh\u1eefng \u0111\u1ed3 v\u1eadt t\u1ea1o t\u00e1c qu\u00fd hi\u1ebfm v\u00e0 k\u1ef3 l\u1ea1 ho\u1eb7c \r\nnh\u1eefng c\u00f4ng tr\u00ecnh s\u1eed thi ho\u00e0nh tr\u00e1ng. Nh\u01b0ng \u0111\u00f3 ch\u1ec9 l\u00e0 nh\u1eefng \u201cv\u1ecf \u1ed1c r\u1ed7ng\u201d \r\nc\u00f2n s\u00f3t l\u1ea1i sau \u201cc\u01a1n th\u1ee7y tri\u1ec1u\u2019 l\u1ecbch s\u1eed. Nh\u1eefng sinh v\u1eadt s\u1ed1ng, nh\u1eefng n\u1ec1n\r\n v\u0103n minh \u1edf nh\u1eefng \u201cv\u1ecf \u1ed1c\u201d \u0111\u00f3 hi\u1ebfm khi ho\u1eb7c kh\u00f4ng \u0111\u01b0\u1ee3c nh\u1eafc \u0111\u1ebfn. H\u1ecd n\u0103ng \r\n\u0111\u1ed9ng, h\u1ed7n lo\u1ea1n, v\u00e0 lu\u00f4n ngo\u00e0i t\u1ea7m ki\u1ec3m so\u00e1t.</p>"},
{"ishd": "1", "sub": "1", "country": "H\u00e0n Qu\u1ed1c", "film_type": "Phim bo", "film_star": "Song Joong Ki; Song Hye Kyo; Jin Goo; Kim Ji Won; Kang Shin-Il; Park Hwan-Hee; Hyun Jyu-Ni; Jo Woo-Ri; Jeon Soo-Jin", "name_vn": "Descendants of the Sun (2016)", "product_url": "http://phimnhanh.com/phim/hau-due-cua-mat-troi-descendants-of-the-sun-2016", "director": "Lee Eung-Bok", "year": "2016", "film_genre": "T\u00e2m L\u00fd - T\u00ecnh C\u1ea3m", "image_poster": "https://3.bp.blogspot.com/-BIeTSnHF_Mw/Vs-5yD77wbI/AAAAAAAAJ8Y/XbECda_DCdw/s1600/2016020113052494869_1.jpg", "name_en": "H\u1eadu Du\u1ec7 C\u1ee7a M\u1eb7t Tr\u1eddi", "film_status": "8/16 t\u1eadp", "product_name": "phimnhanh", "description": "<p>Sau th\u1eddi gian d\u00e0i ch\u1edd \u0111\u1ee3i, nh\u1eefng th\u01b0\u1edbc \r\nphim \u0111\u1ea7u ti\u00ean c\u1ee7a d\u1ef1 \u00e1n bom t\u1ea5n \u0111\u00e0i KBS - Descendants Of The Sun (t\u1ea1m \r\nd\u1ecbch: H\u1eadu Du\u1ec7 C\u1ee7a M\u1eb7t Tr\u1eddi) \u0111\u00e3 ch\u00ednh th\u1ee9c \u0111\u01b0\u1ee3c ti\u1ebft l\u1ed9. D\u00f9 ch\u1ec9 m\u1edbi r\u00f2 r\u1ec9\r\n c\u00e1ch \u0111\u00e2y v\u00e0i gi\u1edd \u0111\u1ed3ng h\u1ed3, teaser d\u00e0i 21 gi\u00e2y c\u1ee7a phim \u0111\u00e3 ngay l\u1eadp t\u1ee9c \r\nthu h\u00fat s\u1ef1 ch\u00fa \u00fd r\u1ea5t l\u1edbn c\u1ee7a d\u01b0 lu\u1eadn. Tr\u01b0\u1edbc m\u00e0n t\u1ecf t\u00ecnh c\u1ef1c l\u00e3ng m\u1ea1n c\u1ee7a\r\n anh ch\u00e0ng qu\u00e2n nh\u00e2n Song Joong Ki v\u1edbi n\u1eef b\u00e1c s\u0129 Song Hye Kyo, c\u00e1c fan \r\nch\u1ec9 c\u00f2n bi\u1ebft \"\u0111\u1ed5 r\u1ea7m r\u1ea7m\" v\u00ec qu\u00e1 sung s\u01b0\u1edbng.</p> <p>N\u1ebfu Song Hye Kyo g\u00e2y \u1ea5n\r\n t\u01b0\u1ee3ng v\u1edbi trang ph\u1ee5c \u00e1o s\u01a1 mi gi\u1ea3n d\u1ecb, thanh tho\u00e1t, th\u00ec Song Joong Ki \r\nl\u1ea1i v\u00f4 c\u00f9ng nam t\u00ednh trong qu\u00e2n ph\u1ee5c m\u00e0u v\u00e0ng. \u0110o\u1ea1n \u0111\u1ed1i tho\u1ea1i c\u1ee7a hai \r\nng\u01b0\u1eddi \u0111\u01b0\u1ee3c c\u00e1c fan v\u00f4 c\u00f9ng th\u00edch th\u00fa v\u00ec \u0111\u1ed9 \u201cs\u1ebfn s\u1ea9m\u201d: \"T\u00f4i t\u1eebng h\u00f4n em \r\nkhi ch\u01b0a xin ph\u00e9p\u2026\" - \"Chuy\u1ec7n \u0111\u00f3, cho \u0111\u1ebfn khi t\u00f4i \u0111\u1ec1 c\u1eadp \u0111\u1ebfn chuy\u1ec7n \u0111\u00f3, \r\nanh \u0111\u1eebng\u2026\" - \"Em b\u1ea3o t\u00f4i n\u00ean l\u00e0m g\u00ec \u0111\u00e2y?\" - \"Xin l\u1ed7i hay th\u1ed5 l\u1ed9 v\u1edbi em \r\n\u0111\u00e2y?\".</p> <p>The Descendants Of The Sun l\u00e0 d\u1ef1 \u00e1n tr\u1ecdng t\u00e2m c\u1ee7a KBS trong \r\nn\u0103m 2016. B\u1ed9 phim k\u1ec3 v\u1ec1 Yoo Shi Jin (Song Joong Ki), m\u1ed9t ch\u1ec9 huy g\u00ecn gi\u1eef\r\n h\u00f2a b\u00ecnh c\u1ee7a Li\u00ean H\u1ee3p qu\u1ed1c v\u00e0 Kang Mo Yeon (Song Hye Kyo), m\u1ed9t b\u00e1c s\u0129 \r\n\u0111\u1ebfn t\u1eeb ch\u01b0\u01a1ng tr\u00ecnh \"B\u00e1c s\u0129 kh\u00f4ng bi\u00ean gi\u1edbi\". Theo y\u00eau c\u1ea7u c\u1ee7a Li\u00ean h\u1ee3p \r\nqu\u1ed1c, hai ng\u01b0\u1eddi \u0111\u01b0\u1ee3c \u0111i\u1ec1u \u0111\u1ed9ng t\u1edbi th\u1ee7 \u0111\u00f4 c\u1ee7a m\u1ed9t \u0111\u1ea5t n\u01b0\u1edbc kh\u00e1c. Trong \r\nth\u1eddi gian l\u00e0m vi\u1ec7c c\u00f9ng nhau, Shi Jin v\u00e0 Mo Yeon d\u1ea7n n\u1ea3y sinh t\u00ecnh c\u1ea3m.</p> <p>\u0110\u00e2y l\u00e0 t\u00e1c ph\u1ea9m \u0111\u00e1nh d\u1ea5u s\u1ef1 tr\u1edf l\u1ea1i c\u1ee7a \u201cng\u01b0\u1eddi s\u00f3i\u201d Song Joong Ki sau \r\nhai n\u0103m t\u1ea1m g\u00e1c s\u1ef1 nghi\u1ec7p di\u1ec5n xu\u1ea5t \u0111\u1ec3 ph\u1ee5c v\u1ee5 trong qu\u00e2n ng\u0169. V\u1ec1 ph\u00eda \r\nSong Hye Kyo, k\u1ec3 t\u1eeb l\u1ea7n h\u1ee3p t\u00e1c c\u00f9ng nam di\u1ec5n vi\u00ean Jo In Sung trong That\r\n Winter, The Wind Blows v\u00e0o n\u0103m 2013, ng\u01b0\u1eddi \u0111\u1eb9p 34 tu\u1ed5i c\u0169ng r\u1ea5t \u0111\u01b0\u1ee3c \r\nmong \u0111\u1ee3i cho m\u00e0n t\u00e1i xu\u1ea5t l\u1ea7n n\u00e0y.</p> <p>\u0110\u1ea1o di\u1ec5n c\u1ee7a The Descendants Of \r\nThe Sun kh\u00f4ng ai kh\u00e1c ch\u00ednh l\u00e0 Lee Eung Bok, ng\u01b0\u1eddi \u0111\u1ee9ng sau th\u00e0nh c\u00f4ng \r\nc\u1ee7a h\u00e0ng lo\u1ea1t c\u00e1i t\u00ean n\u1ed5i ti\u1ebfng Dream High, School 2013 v\u00e0 Secret Love. \r\nTrong khi \u0111\u00f3, bi\u00ean k\u1ecbch c\u1ee7a b\u1ed9 phim l\u1ea1i l\u00e0 Kim Eun Sook, ch\u1ee7 nh\u00e2n c\u1ee7a \r\nr\u1ea5t nhi\u1ec1u t\u00e1c ph\u1ea9m n\u1ed5i \u0111\u00ecnh n\u1ed5i \u0111\u00e1m nh\u01b0 Secret Garden, Gentleman\u2019s \r\nDignity v\u00e0 The Heirs. V\u1edbi \u0111\u1ed9i ng\u0169 s\u1ea3n xu\u1ea5t si\u00eau kh\u1ee7ng n\u00e0y, c\u00e1c fan c\u1ee7a \r\nc\u1eb7p \u0111\u00f4i h\u1ecd Song c\u00f3 th\u1ec3 y\u00ean t\u00e2m v\u00e0o m\u00e0n k\u1ebft h\u1ee3p c\u1ee7a hai di\u1ec5n vi\u00ean c\u00f9ng \r\nc\u00e2u chuy\u1ec7n t\u00ecnh qu\u00e2n nh\u00e2n - b\u00e1c s\u0129 h\u1ee9a h\u1eb9n \u0111\u1ea7y l\u00e3ng m\u1ea1n trong The \r\nDescendants Of The Sun s\u1eafp t\u1edbi.</p> <p>V\u1edbi kinh ph\u00ed \u0111\u1ea7u t\u01b0 l\u1edbn, nhi\u1ec1u c\u1ea3nh \r\nquay \u0111\u1ec1u \u0111\u00e3 \u0111\u01b0\u1ee3c th\u1ef1c hi\u1ec7n t\u1ea1i nh\u1eefng \u0111\u1ecba \u0111i\u1ec3m kh\u00e1c nhau \u1edf Hy L\u1ea1p, b\u1ed1i \r\nc\u1ea3nh ch\u00ednh c\u1ee7a phim. Kh\u00e1c v\u1edbi c\u00e1ch l\u00e0m phim cu\u1ed1n chi\u1ebfu (quay t\u1edbi \u0111\u00e2u, \r\nph\u00e1t s\u00f3ng t\u1edbi \u0111\u00f3), The Descendants Of The Sun l\u00e0 d\u1ef1 \u00e1n \u0111\u1ea7u ti\u00ean c\u1ee7a KBS \r\n\u0111\u01b0\u1ee3c ho\u00e0n t\u1ea5t ghi h\u00ecnh tr\u01b0\u1edbc khi ch\u00ednh th\u1ee9c l\u00ean s\u00f3ng.</p>"},
{"ishd": "1", "sub": "1", "country": "M\u1ef9 - Ch\u00e2u \u00c2u", "film_type": "Phim le", "film_star": "Th\u00e0nh Long; L\u00fd Li\u00ean Ki\u1ec7t; L\u01b0u Di\u1ec7c Phi; L\u00fd B\u0103ng B\u0103ng", "name_vn": "The Forbidden Kingdom (2008)", "product_url": "http://phimnhanh.com/phim/vua-kung-fu-thuyet-minh-the-forbidden-kingdom-thuyet-minh-2008-2008", "director": "Rob Minkoff  ", "year": "2008", "film_genre": "V\u00f5 Thu\u1eadt - Ki\u1ebfm Hi\u1ec7p", "image_poster": "http://4.bp.blogspot.com/-VLjrkPFs5qI/VDumNKQlKDI/AAAAAAAAb-s/dN6GCu8fkIo/s1600/The-Forbidden-Kingdom-2008.jpg", "name_en": "Vua Kung Fu", "film_status": null, "product_name": "phimnhanh", "description": "<p>\u0110am m\u00ea phim v\u00f5 thu\u1eadt Hong  Kong, c\u1eadu thi\u1ebfu ni\u00ean ng\u01b0\u1eddi M\u1ef9 Jason Tripitikas l\u1eadm v\u00e0o \u0111\u1ea7u h\u00e0ng t\u00e1 t\u00ean  tu\u1ed5i ng\u00f4i sao n\u1ed5i ti\u1ebfng c\u0169ng nh\u01b0 v\u00f4 s\u1ed1 c\u00e1c chi\u00eau th\u1ee9c v\u00f5 thu\u1eadt Trung  Hoa. M\u00ea v\u00f5 \u0111\u1ebfn m\u1ee9c g\u1ea7n nh\u01b0  gi\u1ea5c m\u01a1 n\u00e0o c\u0169ng c\u00f3 ti\u1ebfng \u0111ao ki\u1ebfm, nh\u01b0ng th\u1ef1c t\u1ebf anh ch\u00e0ng l\u1ea1i nh\u00fat  nh\u00e1t v\u00e0 y\u1ebfu \u0111u\u1ed1i. M\u1ed9t l\u1ea7n nh\u01b0 m\u1ecdi l\u1ea7n, Jason t\u1edbi ti\u1ec7m cho thu\u00ea phim ki\u00eam  c\u1ea7m \u0111\u1ed3 c\u1ee7a \u00f4ng l\u00e3o ng\u01b0\u1eddi T\u00e0u t\u00ean Hop. C\u1eadu ng\u1ee1 ng\u00e0ng khi ng\u00f3  th\u1ea5y m\u1ed9t c\u00e2y g\u1eady s\u1eaft m\u00e0u v\u00e0ng n\u1eb1m trong c\u0103n ph\u00f2ng l\u00e2u nay v\u1eabn k\u00edn c\u1eeda.  Theo c\u1eadu, \u0111\u00f3 ch\u00ednh l\u00e0 c\u00e2y thi\u1ebft b\u1ea3ng c\u1ee7a Thi\u1ebfu L\u00e2m B\u1eafc ph\u00e1i v\u00e0 \u0111\u1eb7c bi\u1ec7t,  \u00f4ng Hop c\u00f2n ti\u1ebft l\u1ed9 r\u1eb1ng n\u00f3 n\u1eb1m \u0111\u00f3 \u0111\u00e3 500 n\u0103m qua, ch\u1ec9 \u0111\u1ec3 \u0111\u1ee3i ng\u01b0\u1eddi  \u0111\u01b0\u1ee3c ch\u1ecdn t\u1edbi mang \u0111i trao t\u1eadn tay cho M\u1ef9 H\u1ea7u V\u01b0\u01a1ng \u0111ang b\u1ecb h\u00f3a \u0111\u00e1 tr\u00ean  thi\u00ean gi\u1edbi. T\u1ed1i \u0111\u00f3, tr\u00ean \u0111\u01b0\u1eddng v\u1ec1  nh\u00e0, Jason b\u1ecb m\u1ed9t \u0111\u00e1m thi\u1ebfu ni\u00ean g\u00e2y g\u1ed5 v\u00e0 bu\u1ed9c c\u1eadu \u0111\u01b0a t\u1edbi nh\u00e0 c\u1ee7a \u00f4ng  Hop \u0111\u1ec3 c\u01b0\u1edbp ti\u1ec1n. Th\u1ea3m k\u1ecbch x\u1ea3y ra khi k\u1ebb c\u1ea7m \u0111\u1ea7u nh\u00f3m n\u00e0y do ho\u1ea3ng h\u1ed1t  b\u1eafn tr\u00fang \u00f4ng c\u1ee5. V\u00e1c theo c\u00e2y thi\u1ebft b\u1ea3ng, Jason ch\u1ea1y tr\u1ed1n l\u00ean s\u00e2n  th\u01b0\u1ee3ng nh\u01b0ng b\u1ea5t ng\u1edd b\u1ecb m\u1ed9t s\u1ee9c m\u1ea1nh v\u00f4 h\u00ecnh \u0111\u1ea9y r\u01a1i xu\u1ed1ng \u0111\u01b0\u1eddng...</p>"},
{"ishd": "1", "sub": "1", "country": "M\u1ef9 - Ch\u00e2u \u00c2u", "film_type": "Phim le", "film_star": "Clifton Collins Jr.; Jessica Cook; Tony de Maeyer", "name_vn": "Stung (2015)", "product_url": "http://phimnhanh.com/phim/ong-doc-stung-2015-2015", "director": "Benni Diez", "year": "2015", "film_genre": "Kinh D\u1ecb - Ma; Kinh D\u1ecb - Ma", "image_poster": "http://2.bp.blogspot.com/-HTF1Iox_h-A/VZqUhW_jtrI/AAAAAAAA-UE/DJ1T8PQO8LQ/s1600/1.jpg", "name_en": "Ong \u0110\u1ed9c", "film_status": null, "product_name": "phimnhanh", "description": "<p>\u00a0Stung l\u00e0 c\u00e2u chuy\u1ec7n m\u1ed9t b\u1eefa ti\u1ec7c ho\u00e0nh tr\u00e1ng \u0111\u00e1nh d\u1ea5u s\u1ef1 th\u00e0nh c\u00f4ng c\u1ee7a c\u00f4ng ty ph\u00e2n b\u00f3n do b\u00e0 Perch qu\u1ea3n l\u00ed nhi\u1ec1u n\u0103m nay. Tuy nhi\u00ean s\u1ef1 r\u00f2 r\u1ec9 h\u00f3a ch\u1ea5t m\u00e0 c\u00f4ng ty n\u00e0y g\u00e2y ra m\u1ed9t h\u1eadu qu\u1ea3 kh\u00f3 l\u01b0\u1eddng l\u00e0 ong b\u1eafp c\u00e0y, m\u1ed9t lo\u00e0i ong s\u00e1t th\u1ee7 v\u1edbi n\u1ecdc \u0111\u1ed9c ch\u1ebft ng\u01b0\u1eddi th\u01b0\u1eddng xuy\u00ean l\u00e0m t\u1ed5 v\u00e0 \u0111\u1ebb tr\u1ee9ng d\u01b0\u1edbi l\u00f2ng \u0111\u1ea5t. H\u00f3a ch\u1ea5t \u0111\u1ed9c h\u1ea1i kia \u0111\u00e3 l\u00e0m bi\u1ebfn \u0111\u1ed5i gien c\u1ee7a ch\u00fang khi\u1ebfn nh\u1eefng con ong n\u00e0y tr\u1edf n\u00ean hung d\u1ef1 v\u00e0 \u0103n th\u1ecbt ng\u01b0\u1eddi. V\u00e0 r\u1ed3i m\u1ed9t con ong ch\u00faa kh\u1ed5ng l\u1ed3 xu\u1ea5t hi\u1ec7n l\u1ea7n l\u01b0\u1ee3t \u0103n th\u1ecbt v\u00e0 x\u1ebb th\u1ecbt t\u1eebng v\u1ecb kh\u00e1ch \u0111\u1ebfn tham d\u1ef1..</p>"},
{"ishd": "1", "sub": "1", "country": "M\u1ef9 - Ch\u00e2u \u00c2u", "film_type": "Phim le", "film_star": "JBrad Pitt; Mireille Enos; Daniella Kertesz", "name_vn": "World War Z (2013)", "product_url": "http://phimnhanh.com/phim/the-chien-z-world-war-z-2013-vietsub-2013", "director": "Marc Forster", "year": "2013", "film_genre": "Kinh D\u1ecb - Ma", "image_poster": "http://3.bp.blogspot.com/-6kdPZDycHFc/UdkFyCWEJ2I/AAAAAAAAM58/lMa7GkpgTec/s1600/22.bmp", "name_en": "Th\u1ebf Chi\u1ebfn Z", "film_status": null, "product_name": "phimnhanh", "description": "<p>WORLD WAR Z xoay quanh c\u00e2u chuy\u1ec7n v\u1ec1 Gerry Lane (Brad Pitt), m\u1ed9t nh\u00e2n vi\u00ean Li\u00ean h\u1ee3p qu\u1ed1c \u0111i kh\u1eafp n\u01a1i \u0111\u1ec3 t\u00ecm c\u00e1ch b\u1ea3o v\u1ec7 th\u1ebf gi\u1edbi m\u00ecnh \u0111ang s\u1ed1ng, khi lo\u00e0i ng\u01b0\u1eddi d\u1ea7n thay \u0111\u1ed5i tr\u1edf th\u00e0nh c\u00e1c sinh v\u1eadt kh\u00e1t m\u00e1u v\u00e0 s\u1eb5n s\u00e0ng gi\u1eabm \u0111\u1ea1p l\u00ean nhau \u0111\u1ec3 t\u1ed3n t\u1ea1i.</p>"},
{"ishd": "1", "sub": "1", "country": "Nh\u1eadt B\u1ea3n", "film_type": "Phim le", "film_star": "Sh\u00f4ta Matsuda; Mikako Tabe; Hirofumi Arai", "name_vn": "Liar Game: Reborn (2012)", "product_url": "http://phimnhanh.com/phim/tro-choi-liar-game-reborn-2012-vietsub-2012", "director": " Hiroaki Matsuyama", "year": "2012", "film_genre": "T\u00e2m L\u00fd - T\u00ecnh C\u1ea3m", "image_poster": "http://4.bp.blogspot.com/-RVf3j6jSsfA/UKmY9ppxQ6I/AAAAAAAAG3g/ktArp7UbAP4/s1600/66.bmp", "name_en": "Tr\u00f2 Ch\u01a1i", "film_status": null, "product_name": "phimnhanh", "description": "<p>Sau khi t\u1ed5 ch\u1ee9c Liar Game b\u1ecb Akiyama (do Shota \u0111\u00f3ng) ph\u00e1 \u0111\u1ed5 \u1edf movie tr\u01b0\u1edbc, l\u1ea7n n\u00e0y m\u1ed9t nh\u00e2n v\u1eadt k\u00ec b\u00ed xu\u1ea5t hi\u1ec7n h\u1ed3i sinh l\u1ea1i t\u1ed5 ch\u1ee9c v\u1edbi m\u1ee5c ti\u00eau duy nh\u1ea5t: Tr\u1ea3 th\u00f9 Akiyama v\u00e0 b\u1eaft anh ph\u1ea3i \u0111\u1ec1n t\u1ed9i. M\u1eb7c d\u00f9 \u0111\u00e3 li\u00ean t\u1ee5c t\u1eeb ch\u1ed1i tham gia cu\u1ed9c ch\u01a1i, nh\u01b0ng v\u1edbi s\u1ef1 xu\u1ea5t hi\u1ec7n c\u1ee7a c\u1ee7a nh\u00e2n v\u1eadt Shinomiya (do Mikako th\u1ee7 vai), Akiyama \u0111\u00e3 quy\u1ebft \u0111\u1ecbnh tham chi\u1ebfn v\u1edbi 19 ng\u01b0\u1eddi ch\u01a1i kh\u00e1c \u0111\u1ec3 gi\u00e0nh ph\u1ea7n th\u01b0\u1edfng tr\u1ecb gi\u00e1 2 t\u1ec9 y\u00ean.</p> <p>V\u1edbi s\u1ef1 xu\u1ea5t hi\u1ec7n c\u1ee7a nh\u00e2n v\u1eadt Alice (do Mana \u0111\u1ea3m vai), ng\u01b0\u1eddi s\u1eafp \u0111\u1eb7t c\u00e1c c\u1eb7m b\u1eaby v\u00e0 qu\u00e2n b\u00e0i, tr\u00f2 ch\u01a1i tr\u1edf n\u00ean kh\u1ed1c li\u1ec7t h\u01a1n bao gi\u1edd h\u1ebft, v\u00e0 d\u01b0\u1eddng nh\u01b0 s\u1ebd \u0111\u1eb7t d\u1ea5u ch\u1ea5m h\u1ebft cho nh\u00e2n v\u1eadt b\u1ea5t kh\u1ea3 b\u1ea1i Akiyama.....</p>"},
{"ishd": "1", "sub": "1", "country": "M\u1ef9 - Ch\u00e2u \u00c2u", "film_type": "Phim le", "film_star": "Jennifer Lawrence; Josh Hutcherson; Liam Hemsworth", "name_vn": "The Hunger Game: Mockingjay Part 1 (2014)", "product_url": "http://phimnhanh.com/phim/hung-nhai-1-the-hunger-game-mockingjay-part-1-2014-2014", "director": "Francis Lawrence", "year": "2014", "film_genre": "Vi\u1ec5n T\u01b0\u1edfng", "image_poster": "http://2.bp.blogspot.com/-gvNIVIAl9HQ/VH2PbeEy9gI/AAAAAAAAkWU/mhr6soGP9Qk/s1600/1.jpg", "name_en": "H\u00fang Nh\u1ea1i 1", "film_status": null, "product_name": "phimnhanh", "description": "<p>Phim H\u00fang Nh\u1ea1i 1 - The Hunger Game: Mockingjay Part 1 n\u1ed1i ti\u1ebfp  Catching Fire khi \u0111\u00e3 tho\u00e1t kh\u1ecfi \u00e2m m\u01b0u c\u1ee7a th\u1ebf l\u1ef1c c\u1ea7m quy\u1ec1n Panem,  Katniss Everdeen (Jennifer Lawrence) \u0111\u00e3 tr\u1edf th\u00e0nh bi\u1ec3u t\u01b0\u1ee3ng cho phong  tr\u00e0o ch\u1ed1ng l\u1ea1i s\u1ef1 cai tr\u1ecb t\u00e0n b\u1ea1o c\u1ee7a Capitol v\u00e0 c\u00f9ng l\u1ef1c l\u01b0\u1ee3ng kh\u00e1ng  chi\u1ebfn t\u1eadp trung t\u1ea1i Qu\u1eadn 13. Trong khi \u0111\u00f3, sang ph\u1ea7n n\u00e0y nh\u00e2n v\u1eadt T\u1ed5ng  th\u1ed1ng Snow (Donald Sutherland) \u0111\u00e3 thay th\u1ebf Alma Coin tr\u1edf th\u00e0nh nh\u00e2n v\u1eadt  ph\u1ea3n di\u1ec7n ch\u00ednh c\u1ee7a c\u00e2u chuy\u1ec7n. Sau khi b\u1eaft \u0111\u01b0\u1ee3c ng\u01b0\u1eddi b\u1ea1n chi\u1ebfn \u0111\u1ea5u  Peeta Mellark (Josh Hutcherson) c\u1ee7a Katniss, Snow \u0111\u00e3 d\u00f9ng m\u1ecdi c\u00e1ch t\u1eeb  chi\u00eau d\u1ee5 \u0111\u1ebfn \u0111e d\u1ecda v\u00e0 tra t\u1ea5n tinh th\u1ea7n \u0111\u1ec3 b\u1eaft Peeta v\u00e0 nh\u1eefng ng\u01b0\u1eddi  kh\u00e1c ph\u1ea3i khai ra th\u00f4ng tin v\u00e0 ph\u1ea3n b\u1ed9i Katniss. \u0110\u1ed3ng th\u1eddi, \u00f4ng ta v\u1eabn  ti\u1ebfp t\u1ee5c xu\u1ea5t hi\u1ec7n tr\u00ean c\u00e1c ph\u01b0\u01a1ng ti\u1ec7n truy\u1ec1n th\u00f4ng c\u1ee7a Panem \u0111\u1ec3 kh\u1eb3ng  \u0111\u1ecbnh s\u1ee9c m\u1ea1nh th\u1ed1ng tr\u1ecb c\u1ee7a Capitol l\u00ean 12 Qu\u1eadn tr\u1ef1c thu\u1ed9c, k\u1ebft t\u1ed9i s\u1ef1  ch\u1ed1ng \u0111\u1ed1i c\u1ee7a Katniss v\u00e0 Qu\u1eadn 13 l\u00e0 h\u00e0nh \u0111\u1ed9ng ph\u1ea3n b\u1ed9i v\u00f4 ngh\u0129a.</p>"},
{"ishd": "1", "sub": "1", "country": "M\u1ef9 - Ch\u00e2u \u00c2u", "film_type": "Phim le", "film_star": "Tom Cruise; Rebecca Ferguson; Jeremy Renner", "name_vn": "Mission: Impossible - Rogue Nation (2015)", "product_url": "http://phimnhanh.com/phim/nhiem-vu-bat-kha-thi-5-quoc-gia-bi-an-mission-impossible-rogue-nation-2015-2015", "director": "Christopher McQuarrie", "year": "2015", "film_genre": "H\u00e0nh \u0110\u1ed9ng", "image_poster": "http://1.bp.blogspot.com/-eb3nOXlW49Y/VcC70d1TqkI/AAAAAAABAqs/A0P1W3JWG04/s1600/1.jpg", "name_en": "Nhi\u1ec7m V\u1ee5 B\u1ea5t Kh\u1ea3 Thi 5: Qu\u1ed1c Gia B\u00ed \u1ea8n", "film_status": null, "product_name": "phimnhanh", "description": "<p>\u00a0Mission Impossible 5: Rogue Nation - Nhi\u1ec7m v\u1ee5 b\u1ea5t kh\u1ea3 thi 5: Qu\u1ed1c gia d\u1ed1i tr\u00e1: l\u00e0 ph\u1ea7n th\u1ee9 5 trong lo\u1ea1t phim h\u00e0nh \u0111\u1ed9ng bom t\u1ea5n v\u1ec1 \u0111i\u1ec7p vi\u00ean n\u1ed5i ti\u1ebfng. T\u00e0i t\u1eed \u0111i\u1ec3n trai Tom Cruise quay l\u1ea1i v\u1edbi nh\u00e2n v\u1eadt bi\u1ec3u t\u01b0\u1ee3ng Ethan Hunt, l\u1ea7n n\u00e0y s\u1ebd ph\u1ea3i th\u1ef1c hi\u1ec7n m\u1ed9t nhi\u1ec7m v\u1ee5 si\u00eau kh\u00f3 kh\u0103n: ti\u00eau di\u1ec7t c\u1ea3 m\u1ed9t t\u1ed5 ch\u1ee9c l\u1eeba \u0111\u1ea3o xuy\u00ean qu\u1ed1c gia Syndicate \u2013 n\u01a1i t\u1eadp h\u1ee3p nh\u1eefng s\u00e1t th\u1ee7 th\u00f4ng minh v\u00e0 nguy hi\u1ec3m nh\u1ea5t. Mission Impossible 5 s\u1ebd do \u0111\u1ea1o di\u1ec5n Christopher McQuarrie, ng\u01b0\u1eddi t\u1eebng h\u1ee3p t\u00e1c v\u1edbi Cruise trong Jack Reakcer, ch\u1ec9 \u0111\u1ea1o.</p>"},
{"ishd": "1", "sub": "1", "country": "M\u1ef9 - Ch\u00e2u \u00c2u", "film_type": "Phim le", "film_star": "Jennifer Lawrence; Josh Hutcherson; Liam Hemsworth", "name_vn": "The Hunger Games: Catching Fire (2013)", "product_url": "http://phimnhanh.com/phim/dau-truong-sinh-tu-2-the-hunger-games-catching-fire-2013-vietsub-2013", "director": "Francis Lawrence", "year": "2013", "film_genre": "H\u00e0nh \u0110\u1ed9ng", "image_poster": "http://2.bp.blogspot.com/-Q3spBYdgACM/UpSnbPKf6hI/AAAAAAAAPQo/XDB4oLxLMrQ/s1600/The+Hunger+Games+Catching+Fire+(2013)_PhimVang.Org.jpg", "name_en": "\u0110\u1ea5u Tr\u01b0\u1eddng Sinh T\u1eed 2", "film_status": null, "product_name": "phimnhanh", "description": "<p>The Hunger Games b\u1eaft \u0111\u1ea7u khi Katniss Everdeen an to\u00e0n tr\u1edf v\u1ec1 nh\u00e0 sau chi\u1ebfn th\u1eafng t\u1ea1i cu\u1ed9c \u0111\u1ea5u Tr\u00f2 ch\u01a1i sinh t\u1eed l\u1ea7n th\u1ee9 74 \u0111\u01b0\u1ee3c t\u1ed5 ch\u1ee9c th\u01b0\u1eddng ni\u00ean c\u00f9ng Peeta Mellark. Chi\u1ebfn th\u1eafng n\u00e0y \u0111\u1ed3ng ngh\u0129a v\u1edbi vi\u1ec7c h\u1ecd ph\u1ea3i b\u1ecf l\u1ea1i gia \u0111\u00ecnh v\u00e0 b\u1ea1n b\u00e8 ph\u00eda sau \u0111\u1ec3 l\u00ean \u0111\u01b0\u1eddng tham gia \"Chuy\u1ebfn \u0111i c\u1ee7a nh\u1eefng ng\u01b0\u1eddi chi\u1ebfn th\u1eafng\" c\u00f9ng c\u00e1c qu\u1eadn kh\u00e1c. Trong qu\u00e1 tr\u00ecnh \u0111\u00f3, Katniss c\u1ea3m nh\u1eadn th\u1ea5y m\u1ed9t cu\u1ed9c n\u1ed5i lo\u1ea1n s\u1eafp di\u1ec5n ra, nh\u01b0ng Capitol v\u1eabn n\u1eafm quy\u1ec1n quy\u1ec3n so\u00e1t khi T\u1ed5ng th\u1ed1ng Snow chu\u1ea9n b\u1ecb cho Tr\u00f2 ch\u01a1i sinh t\u1eed l\u1ea7n th\u1ee9 75 (The Quarter Quell) - cu\u1ed9c \u0111\u1ea5u s\u1ebd thay \u0111\u1ed5i Panem m\u00e3i m\u00e3i.</p>"},
{"ishd": "1", "sub": "1", "country": "M\u1ef9 - Ch\u00e2u \u00c2u", "film_type": "Phim le", "film_star": "Mandahla Rose; Brett Rogers; Julia Billington", "name_vn": "All About E (2015)", "product_url": "http://phimnhanh.com/phim/tinh-yeu-trong-sang-all-about-e-2015", "director": "Louise Wadley", "year": "2015", "film_genre": "T\u00e2m L\u00fd - T\u00ecnh C\u1ea3m; H\u00e0i H\u01b0\u1edbc", "image_poster": "https://2.bp.blogspot.com/-d-Zjh2YeVVw/VuloqShfp2I/AAAAAAAAY3k/UNy4bj9qJJEbfddfKhIMkxVI8sPUiOipQ/s1600/1.jpg", "name_en": "T\u00ecnh Y\u00eau Trong S\u00e1ng", "film_status": null, "product_name": "phimnhanh", "description": "<p>C\u00f4 g\u00e1i DJ xinh \u0111\u1eb9p t\u00ean \"E\" v\u00f4 t\u00ecnh l\u1ea5y \r\nnh\u1ea7m t\u00fai ti\u1ec1n c\u1ee7a \u00f4ng ch\u1ee7 m\u00ecnh, c\u00f4 b\u1ecb truy \u0111u\u1ed5i ph\u1ea3i l\u1eabn tr\u1ed1n \u0111\u1ebfn nh\u00e0 \r\nnh\u1eefng \"ng\u01b0\u1eddi t\u00ecnh c\u0169\" \u0111\u1ec3 \u1ea9n n\u00e1o...</p>"},
{"ishd": "1", "sub": "1", "country": "M\u1ef9 - Ch\u00e2u \u00c2u", "film_type": "Phim le", "film_star": "Cate Blanchett; Orlando Bloom; Billy Boyd; Megan Edwards; Michael Elsworth; Mark Ferguson; Christopher Lee; Lawrence Makoare; Sarah McLeod; Dominic Monaghan; Viggo Mortensen; Liv Tyler; Elijah Wood", "name_vn": "The Lord Of The Rings: The Fellowship of the Ring (2001)", "product_url": "http://phimnhanh.com/phim/chua-te-nhung-chiec-nhan-hiep-hoi-cua-nhan-vietsub-the-lord-of-the-rings-the-fellowship-of-the-ring-vietsub-2001-2001", "director": "Peter Jackson", "year": "2001", "film_genre": "Vi\u1ec5n T\u01b0\u1edfng", "image_poster": "http://2.bp.blogspot.com/-AnQs2_EFOTg/UAWSN-T_y0I/AAAAAAAADm0/IHCZokL0MlM/s400/1.jpg", "name_en": "Ch\u00faa T\u1ec3 Nh\u1eefng Chi\u1ebfc Nh\u1eabn: Hi\u1ec7p H\u1ed9i C\u1ee7a Nh\u1eabn", "film_status": null, "product_name": "phimnhanh", "description": null},
{"ishd": "1", "sub": "1", "country": "M\u1ef9 - Ch\u00e2u \u00c2u", "film_type": "Phim le", "film_star": "Elijah Wood; Ian McKellen; Sean Astin; Billy Boyd; Orlando Bloom; Kevin Conway; Hugo Weaving; Christopher Lee; Dominic Monaghan; Viggo Mortensen; Liv Tyler; Cate Blanchett", "name_vn": "The Lord of the Rings: The Return of the King (2003)", "product_url": "http://phimnhanh.com/phim/chua-te-nhung-chiec-nhan-3-su-tro-ve-cua-nha-vua-vietsub-the-lord-of-the-rings-the-return-of-the-king-vietsub-2003-2003", "director": "Peter Jackson", "year": "2003", "film_genre": "Vi\u1ec5n T\u01b0\u1edfng", "image_poster": "http://1.bp.blogspot.com/-ZWMv--gGRxg/UAWS1E6ZXmI/AAAAAAAADnA/nOFNhi47QZw/s400/1.jpg", "name_en": "Ch\u00faa T\u1ec3 Nh\u1eefng Chi\u1ebfc Nh\u1eabn 3: S\u1ef1 Tr\u1edf V\u1ec1 C\u1ee7a Nh\u00e0 Vua", "film_status": null, "product_name": "phimnhanh", "description": null},
{"ishd": "1", "sub": "1", "country": "M\u1ef9 - Ch\u00e2u \u00c2u", "film_type": "Phim le", "film_star": "Elijah Wood; Sean Astin; Cate Blanchett; Orlando Bloom; Billy Boyd", "name_vn": "The Lord of the Rings 2: The Two Towers (2002)", "product_url": "http://phimnhanh.com/phim/chua-te-nhung-chiec-nhan-2-hai-toa-thap-vietsub-the-lord-of-the-rings-2-the-two-towers-vietsub-2002-2002", "director": "Peter Jackson", "year": "2002", "film_genre": "Vi\u1ec5n T\u01b0\u1edfng", "image_poster": "http://1.bp.blogspot.com/-h7FwKzcPAzQ/T_z75zZDihI/AAAAAAAADj0/tLgD-w-iZ14/s400/1.jpg", "name_en": "Ch\u00faa T\u1ec3 Nh\u1eefng Chi\u1ebfc Nh\u1eabn 2: Hai T\u00f2a Th\u00e1p", "film_status": null, "product_name": "phimnhanh", "description": "<p>Cu\u1ed9c h\u00e0nh tr\u00ecnh \u0111i h\u1ee7y di\u1ec7t chi\u1ebfc nh\u1eabn ti\u1ebfp t\u1ee5c v\u1edbi bao nguy hi\u1ec3m ch\u1edd \u0111\u1ee3i Frodo \u1edf ph\u00eda tr\u01b0\u1edbc. L\u1ea7n n\u00e0y, anh v\u00e0 Sam c\u00f3 m\u1ed9t b\u1ea1n \u0111\u1ed3ng h\u00e0nh m\u1edbi l\u00e0 Gollum. Trong khi \u0111\u00f3, Gandalf may m\u1eafn tho\u00e1t ch\u1ebft, h\u01a1n n\u1eefa s\u1ee9c m\u1ea1nh c\u1ee7a \u00f4ng c\u00f2n v\u01b0\u1ee3t xa h\u01a1n r\u1ea5t nhi\u1ec1u. \u00d4ng c\u00f9ng Aragon, Legolas v\u00e0 Gimli c\u00f9ng nh\u1eefng th\u1ea7n r\u1eebng t\u00ecm c\u00e1ch ph\u00e1 h\u1ee7y \u00e2m m\u01b0u c\u1ee7a Saruman.</p>"},
{"ishd": "1", "sub": "0", "country": "M\u1ef9 - Ch\u00e2u \u00c2u", "film_type": "Phim le", "film_star": "Kev Adams; Jean-Paul Rouve; Vanessa Guide", "name_vn": "The New Adventures of Aladdin (2015)", "product_url": "http://phimnhanh.com/phim/aladin-va-1001-thu-the-new-adventures-of-aladdin-2015", "director": "Arthur Benzaquen", "year": "2015", "film_genre": "H\u00e0i H\u01b0\u1edbc", "image_poster": "https://1.bp.blogspot.com/-IsGFYfN58UI/VurSBok4X7I/AAAAAAAAY8Y/FpPthb3-L1s3HsgXa_x4ogvQCwvw_ULBg/s1600/1.jpg", "name_en": "Aladin V\u00e0 1001 Th\u1ee9", "film_status": null, "product_name": "phimnhanh", "description": "<p>Phim Aladin V\u00e0 1001 Th\u1ee9 - C\u00e2u chuy\u1ec7n m\u1edbi toanh v\u00e0 h\u00e0i h\u01b0\u1edbc v\u1ec1 Aladin \r\n&amp; C\u00e2y \u0110\u00e8n Th\u1ea7n \u0111\u01b0\u1ee3c \"ch\u1ebf\" theo phong c\u00e1ch b\u00e1 \u0111\u1ea1o v\u00e0 h\u1ea5p d\u1eabn nh\u1ea5t.</p> <p>Bu\u1ed5i\r\n t\u1ed1i tr\u01b0\u1edbc Gi\u00e1ng sinh, Sam v\u00e0 ng\u01b0\u1eddi b\u1ea1n ch\u00ed c\u1ed1t c\u1ee7a m\u00ecnh Khalid, ho\u00e1 \r\ntrang th\u00e0nh \u00f4ng gi\u00e0 N\u00f4-en \u0111\u1ec3 th\u1ef1c hi\u1ec7n phi v\u1ee5 tr\u1ed9m c\u1eafp l\u1edbn nh\u1ea5t c\u1ee7a \u0111\u1eddi \r\nm\u00ecnh t\u1ea1i m\u1ed9t Trung t\u00e2m th\u01b0\u01a1ng mai. Ng\u1edb ng\u1ea9n thay, Sam b\u1ecb m\u1eafc k\u1eb9t trong \r\nm\u1ed9t \u0111\u00e1m tr\u1ebb con, bu\u1ed9c c\u1eadu ta ph\u1ea3i d\u00f9ng t\u00e0i k\u1ec3 chuy\u1ec7n \u2013 m\u1ed9t c\u00e2u chuy\u1ec7n v\u1ec1\r\n Aladin v\u00e0 C\u00e2y \u0110\u00e8n Th\u1ea7n phi\u00ean b\u1ea3n t\u1ef1 ch\u1ebf.</p> <p>Ho\u00e1 th\u00e2n v\u00e0o nh\u00e2n v\u1eadt \r\nAladin, Sam b\u1eaft \u0111\u1ea7u h\u00e0nh tr\u00ecnh \u0111\u1ebfn th\u1ee7 th\u00e0nh B\u00e1t-\u0111a, th\u00e0nh ph\u1ed1 c\u1ee7a ngh\u00ecn\r\n l\u1ebb m\u1ed9t ng\u01b0\u1eddi gi\u00e0u. Nh\u01b0ng h\u1ee1i \u00f4i, \u0111\u1eb1ng sau n\u00e9t v\u0103n ho\u00e1 truy\u1ec1n th\u1ed1ng \r\nnhi\u1ec1u m\u00e0u s\u1eafc, ng\u01b0\u1eddi d\u00e2n \u0111ang ph\u1ea3i ch\u1ecbu \u0111\u1ef1ng s\u1ef1 b\u1ea1o h\u00e0nh t\u1ed9t \u0111\u1ed9 c\u1ee7a ng\u00e0i\r\n t\u1ec3 t\u01b0\u1edbng \u1ea2 R\u1eadp. Li\u1ec7u t\u00ean tr\u1ed9m Aladin s\u1ebd d\u00f9ng t\u00e0i n\u0103ng c\u1ee7a m\u00ecnh \u0111\u1ec3 gi\u00fap \r\n\u0111\u1ee1 ng\u01b0\u1eddi d\u00e2n tho\u00e1t kh\u1ecfi k\u1ebf ho\u1ea1ch th\u1ed1ng tr\u1ecb c\u1ee7a ng\u00e0i t\u1ec3 t\u01b0\u1edbng, \u0111\u1ed3ng th\u1eddi \r\ngi\u1ea3i c\u1ee9u Khalid v\u00e0 chi\u1ebfm l\u1ea5y tr\u00e1i tim c\u1ee7a c\u00f4ng ch\u00faa Shallia?</p> <p>\u0110\u01b0\u01a1ng nhi\u00ean l\u00e0 k\u1ebft th\u00fac c\u00f3 h\u1eadu, nh\u01b0ng m\u1ecdi chuy\u1ec7n kh\u00f4ng c\u00f3 d\u1ec5 \u0111\u00e2u, ph\u1ea3i \u0111\u1ec3 kh\u00e1n gi\u1ea3 c\u01b0\u1eddi rung gh\u1ebf \u0111\u00e3......m\u1eddi c\u00e1c b\u1ea1n \u0111\u00f3n xem ;-)</p>"},
{"ishd": "1", "sub": "1", "country": "M\u1ef9 - Ch\u00e2u \u00c2u", "film_type": "Phim le", "film_star": "N!xau; Marius Weyers; Sandra Prinsloo", "name_vn": "The Gods Must Be Crazy (1980)", "product_url": "http://phimnhanh.com/phim/den-thuong-de-cung-phai-cuoi-the-gods-must-be-crazy-1980-1980", "director": "Jamie Uys", "year": "1980", "film_genre": "H\u00e0i H\u01b0\u1edbc", "image_poster": "https://1.bp.blogspot.com/-GfBz87U-nEc/VukysDdhe7I/AAAAAAAAY3I/mZD09WaMKLYQp3-GSDCn9v2j_fdd9kaXg/s1600/1.jpg", "name_en": "\u0110\u1ebfn Th\u01b0\u1ee3ng \u0110\u1ebf C\u0169ng Ph\u1ea3i C\u01b0\u1eddi", "film_status": null, "product_name": "phimnhanh", "description": "<p>\u0110\u1ebfn Th\u01b0\u1ee3ng \u0111\u1ebf c\u0169ng ph\u1ea3i c\u01b0\u1eddi k\u1ec3 l\u1ea1i \r\nchuy\u1ebfn phi\u00eau l\u01b0u c\u1ee7a anh th\u1ed5 d\u00e2n Xi t\u1edbi n\u01a1i t\u1eadn c\u00f9ng Tr\u00e1i \u0110\u1ea5t \u0111\u1ec3 v\u1ee9t b\u1ecf \r\nm\u1ed9t chai Coca-Cola v\u1ed1n b\u1ecb ng\u01b0\u1eddi da tr\u1eafng b\u1ecf l\u1ea1i v\u00e0 b\u1ed9 t\u1ed9c c\u1ee7a anh kh\u00f4ng \r\nl\u00e0m c\u00e1ch n\u00e0o \u0111\u1ec3 ph\u00e1 h\u1ee7y n\u00f3. Song song v\u1edbi cu\u1ed9c phi\u00eau l\u01b0u c\u1ee7a Xi l\u00e0 hai \r\nc\u00e2u chuy\u1ec7n nh\u1ecf kh\u00e1c v\u1ec1 c\u00e2u chuy\u1ec7n gi\u1eefa m\u1ed9t nh\u00e0 khoa h\u1ecdc v\u00e0 m\u1ed9t n\u1eef gi\u00e1o \r\nvi\u00ean da tr\u1eafng c\u00f9ng m\u1ed9t nh\u00f3m phi\u1ebfn qu\u00e2n \u0111ang tr\u00ean \u0111\u01b0\u1eddng nep\"</p> <p>B\u1ed9 l\u1ea1c \r\nng\u01b0\u1eddi Sho c\u1ee7a Xi v\u1ed1n s\u1ed1ng c\u00e1ch bi\u1ec7t tr\u00ean sa m\u1ea1c Kalahari , h\u1ecd ho\u00e0n to\u00e0n \r\nxa l\u1ea1 v\u1edbi nh\u1eefng g\u00ec di\u1ec5n ra \u1edf th\u1ebf gi\u1edbi hi\u1ec7n \u0111\u1ea1i. R\u1eafc r\u1ed1i \u0111\u1ebfn v\u1edbi b\u1ed9 l\u1ea1c \r\nkhi m\u1ed9t chai Coca-Cola b\u1ecb h\u00e0nh kh\u00e1ch \u0111i m\u00e1y bay n\u00e9m xu\u1ed1ng \u0111\u00fang n\u01a1i h\u1ecd \r\nsinh s\u1ed1ng. Tin r\u1eb1ng \u0111\u00e2y l\u00e0 m\u00f3n qu\u00e0 do Th\u01b0\u1ee3ng \u0111\u1ebf ban t\u1eb7ng, t\u1eebng ng\u01b0\u1eddi \r\ntrong b\u1ed9 l\u1ea1c t\u00ecm m\u1ecdi c\u00e1ch s\u1edf h\u1eefu v\u00e0 s\u1eed d\u1ee5ng n\u00f3 cho c\u00e1c vi\u1ec7c kh\u00e1c nhau. \r\nTuy nhi\u00ean, sau \u0111\u00f3 cu\u1ed9c s\u1ed1ng \u00eam \u0111\u1ec1m h\u1ea1nh ph\u00fac c\u1ee7a m\u1ecdi ng\u01b0\u1eddi b\u1ed7ng nhi\u00ean b\u1ecb\r\n x\u00e1o tr\u1ed9n b\u1edfi nh\u1eefng tranh c\u00e3i xung quanh t\u1ea1o v\u1eadt k\u1ef3 l\u1ea1. Tin r\u1eb1ng v\u1eadt n\u00e0y\r\n mang l\u1ea1i b\u1ea5t h\u1ea1nh cho c\u1ed9ng \u0111\u1ed3ng, Xi quy\u1ebft \u0111\u1ecbnh \u0111em c\u00e1i chai \u0111i v\u1ee9t b\u1ecf \u1edf\r\n n\u01a1i t\u1eadn c\u00f9ng th\u1ebf gi\u1edbi. Tr\u00ean chuy\u1ebfn \u0111i anh \u0111\u00e3 g\u1eb7p nhi\u1ec1u r\u1eafc r\u1ed1i v\u00ec ph\u1ea3i \r\nti\u1ebfp x\u00fac v\u1edbi cu\u1ed9c s\u1ed1ng hi\u1ec7n \u0111\u1ea1i v\u1edbi r\u1ea5t nhi\u1ec1u \u0111\u1ed3 v\u1eadt v\u00e0 h\u00e0nh \u0111\u1ed9ng anh \r\nch\u01b0a t\u1eebng ch\u1ee9ng ki\u1ebfn.</p>"},
{"ishd": "1", "sub": "0", "country": "H\u00e0n Qu\u1ed1c", "film_type": "Phim le", "film_star": "Hye-su Kim; Go-eun Kim; Bo-gum Park", "name_vn": "Coin Locker Girl (2015)", "product_url": "http://phimnhanh.com/phim/pho-nguoi-hoa-coin-locker-girl-2015", "director": "Jun-hee Han", "year": "2015", "film_genre": "T\u00e2m L\u00fd - T\u00ecnh C\u1ea3m", "image_poster": "https://4.bp.blogspot.com/-vBGUaZOiN_M/VuuOC7UO5CI/AAAAAAAAZAw/5QWuTNdUc2syughexbtpjdwc7CyPbViyw/s1600/1.jpg", "name_en": "Ph\u1ed1 Ng\u01b0\u1eddi Hoa", "film_status": null, "product_name": "phimnhanh", "description": "<p>Phim Ph\u1ed1 Ng\u01b0\u1eddi Hoa - L\u00e0 b\u1ed9 phim kh\u1eafc h\u1ecda lu\u1eadt s\u1ed1ng c\u00f2n b\u1edfi hai ng\u01b0\u1eddi ph\u1ee5\r\n n\u1eef, nh\u1eefng ng\u01b0\u1eddi \u0111ang s\u1ed1ng theo c\u00e1ch ri\u00eang cu\u1ea3 m\u00ecnh \u1edf khu Hoa ki\u1ec1u, n\u01a1i \r\nch\u1ec9 c\u00f3 nh\u1eefng k\u1ebb h\u1eefu d\u1ee5ng m\u1edbi c\u00f3 th\u1ec3 sinh t\u1ed3n. </p> <p>B\u1ed9 phim v\u1ed1n \u0111\u00e3 thu h\u00fat\r\n nhi\u1ec1u s\u1ef1 ch\u00fa \u00fd k\u1ec3 t\u1eeb khi hai n\u1eef di\u1ec5n vi\u00ean x\u00e1c nh\u1eadn tham gia. Kim Hye \r\nSoo v\u00e0o vai ng\u01b0\u1eddi m\u1eb9 nu\u00f4i s\u1ed1ng \u1edf khu Hoa ki\u1ec1u, c\u00f2n \u0111\u01b0\u1ee3c g\u1ecdi l\u00e0 'M\u1eb9', v\u00e0 \r\nKim Go Eun v\u00e0o vai Il Young, ng\u01b0\u1eddi b\u1ecb b\u1ecf r\u01a1i trong t\u1ee7 kh\u00f3a s\u1ed1 10 \u1edf ga \r\nt\u00e0u \u0111i\u1ec7n ng\u1ea7m. </p> <p>Qua 'China Town', s\u1ef1 ra \u0111\u1eddi c\u1ee7a nh\u1eefng nh\u00e2n v\u1eadt n\u1eef \r\nch\u01b0a t\u1eebng c\u00f3 c\u0169ng nh\u01b0 s\u1ef1 h\u00f3a th\u00e2n \u0111\u1ea7y k\u1ecbch t\u00ednh c\u1ee7a hai n\u1eef di\u1ec5n vi\u00ean s\u1ebd \r\nmang l\u1ea1i cho ng\u01b0\u1eddi xem nh\u1eefng b\u1ea5t ng\u1edd ngo\u00e0i mong \u0111\u1ee3i.....m\u1eddi c\u00e1c b\u1ea1n \u0111\u00f3n \r\nxem ;-)</p>"},
{"ishd": "1", "sub": "0", "country": "M\u1ef9 - Ch\u00e2u \u00c2u", "film_type": "Phim le", "film_star": "Jim Broadbent; Jane Carr; Robin Atkin Downes", "name_vn": "Postman Pat: The Movie (2014)", "product_url": "http://phimnhanh.com/phim/huyen-thoai-dua-thu-postman-pat-the-movie-2014", "director": "Mike Disa", "year": "2014", "film_genre": "Ho\u1ea1t H\u00ecnh; H\u00e0i H\u01b0\u1edbc", "image_poster": "https://3.bp.blogspot.com/-YvB_YR780bU/VuuP-U_QVzI/AAAAAAAAZA8/YKdawC8WrKkqjIjeekmZIKGYMCpzF2p-g/s1600/1.jpg", "name_en": "Huy\u1ec1n Tho\u1ea1i \u0110\u01b0a Th\u01b0", "film_status": null, "product_name": "phimnhanh", "description": "<p>Pat l\u00e0 m\u1ed9t nh\u00e2n vi\u00ean \u0111\u01b0a th\u01b0 \u0111\u01b0\u1ee3c m\u1ecdi ng\u01b0\u1eddi y\u00eau qu\u00fd. K\u1ec3 t\u1eeb khi b\u01b0\u1edbc v\u00e0o \r\nm\u1ed9t cu\u1ed9c c\u1ea1nh tranh trong show truy\u1ec1n h\u00ecnh t\u00ecm ki\u1ebfm t\u00e0i n\u0103ng c\u1ee7a qu\u1ed1c \r\ngia, anh b\u1eaft \u0111\u1ea7u \u0111\u1ed1i m\u1eb7t v\u1edbi nh\u1eefng c\u00e1m d\u1ed7 v\u1ec1 ti\u1ec1n t\u00e0i, \u0111\u1ecba v\u1ecb c\u0169ng nh\u01b0 \r\nv\u1ebb b\u00ean ngo\u00e0i b\u00f3ng b\u1ea3y. </p> <p>Pat ph\u1ea3i \u0111\u1ea5u tranh \u0111\u1ec3 l\u1ef1a ch\u1ecdn gi\u1eefa cu\u1ed9c s\u1ed1ng\r\n th\u00f4n qu\u00ea gi\u1ea3n d\u1ecb \u1edf Greendale chung quanh nh\u1eefng b\u1ea1n b\u00e8 th\u00e2n thu\u1ed9c nh\u01b0 \r\ntr\u01b0\u1edbc kia, hay tr\u1edf th\u00e0nh ng\u00f4i sao to\u00e0n c\u1ea7u.</p>"},
{"ishd": "1", "sub": "1", "country": "M\u1ef9 - Ch\u00e2u \u00c2u", "film_type": "Phim le", "film_star": "Maksim Chukharyov; Konstantin Khabenskiy; Armen Dzhigarkhanyan", "name_vn": "A Warrior's Tail (2015)", "product_url": "http://phimnhanh.com/phim/su-menh-anh-hung-a-warrior-s-tail-2015", "director": "Maksim Fadeev", "year": "2015", "film_genre": "Ho\u1ea1t H\u00ecnh; Th\u1ea7n Tho\u1ea1i; Phi\u00eau L\u01b0u", "image_poster": "https://2.bp.blogspot.com/-ZLZp7bHL9MM/VuuhwPIz4uI/AAAAAAAAZBM/Tn-rcBJOxQAvDUSmlwFu2nwiqA0T_x_hg/s1600/1.jpg", "name_en": "S\u1ee9 M\u1ec7nh Anh H\u00f9ng", "film_status": null, "product_name": "phimnhanh", "description": "<p>C\u00e2u chuy\u1ec7n c\u1ed5 t\u00edch v\u1ec1 cu\u1ed9c phi\u00eau l\u01b0u v\u0129 \u0111\u1ea1i c\u1ee7a c\u1eadu b\u00e9 Savva 10 tu\u1ed5i \u0111\u1ec3 \r\ngi\u00fap m\u1eb9 v\u00e0 d\u00e2n l\u00e0ng c\u1ee7a m\u00ecnh gi\u00e0nh l\u1ea1i s\u1ef1 t\u1ef1 do kh\u1ecfi con linh c\u1ea9u x\u1ea5u \r\nxa. </p>"},
{"ishd": "1", "sub": "1", "country": "M\u1ef9 - Ch\u00e2u \u00c2u", "film_type": "Phim le", "film_star": "Jack Black; Bryan Cranston; Dustin Hoffman", "name_vn": "Kung Fu Panda 3 (2016)", "product_url": "http://phimnhanh.com/phim/cong-phu-gau-truc-3-kung-fu-panda-3-2016", "director": "Alessandro Carloni, Jennifer Yuh", "year": "2016", "film_genre": "H\u00e0nh \u0110\u1ed9ng; Ho\u1ea1t H\u00ecnh", "image_poster": "http://1.bp.blogspot.com/-3JgBG4hbFZo/VrCaaMEaLJI/AAAAAAAAWiE/cq7v4x7AmPk/s1600/1.jpg", "name_en": "C\u00f4ng Phu G\u1ea5u Tr\u00fac 3", "film_status": null, "product_name": "phimnhanh", "description": "<p>Trong ph\u1ea7n 3 n\u00e0y, Po g\u1eb7p l\u1ea1i ng\u01b0\u1eddi cha c\u1ee7a m\u00ecnh. Hai ng\u01b0\u1eddi c\u00f9ng t\u1edbi m\u1ed9t \r\nv\u00f9ng \u0111\u1ea5t ch\u01b0a t\u1eebng ai bi\u1ebft t\u1edbi. T\u1ea1i \u0111\u00e2y, h\u1ecd g\u1eb7p r\u1ea5t nhi\u1ec1u \u0111\u1ed3ng lo\u1ea1i g\u1ea5u \r\ntr\u00fac. Khi \u0111\u00e1m tr\u00e2u m\u1eaft xanh s\u1edf h\u1eefu s\u1ee9c m\u1ea1nh th\u1ea7n b\u00ed c\u00f3 \u00fd \u0111\u1ed3 th\u00f4n t\u00ednh \r\nTh\u1ea7n ch\u00e2u, ti\u00eau di\u1ec7t v\u00f4 s\u1ed1 v\u00f5 l\u00e2m cao th\u1ee7, Po bu\u1ed9c ph\u1ea3i \u0111\u1ed1i m\u1eb7t v\u1edbi th\u1eed \r\nth\u00e1ch m\u1edbi...</p>"},
{"ishd": "1", "sub": "1", "country": "M\u1ef9 - Ch\u00e2u \u00c2u", "film_type": "Phim le", "film_star": "Jason Lee; Jesica Ahlberg; Josh Green", "name_vn": "Alvin and the Chipmunks: The Road Chip (2015)", "product_url": "http://phimnhanh.com/phim/soc-chuot-du-hi-alvin-and-the-chipmunks-the-road-chip-2015", "director": "Walt Becker", "year": "2015", "film_genre": "Ho\u1ea1t H\u00ecnh; H\u00e0i H\u01b0\u1edbc; Phi\u00eau L\u01b0u", "image_poster": "https://2.bp.blogspot.com/-nwbdRF-6vVY/VtfLxQn30GI/AAAAAAAAYSA/Ii0lcGbMkqA/s1600/1.jpg", "name_en": "S\u00f3c Chu\u1ed9t Du H\u00ed", "film_status": null, "product_name": "phimnhanh", "description": "<p>S\u00f3c Chu\u1ed9t Du H\u00ed 2015 l\u00e0 c\u00e2u chuy\u1ec7n ti\u1ebfp \r\nn\u1ed1i v\u1ec1 ban nh\u1ea1c s\u00f3c chu\u1ed9t g\u1ed3m 6 th\u00e0nh vi\u00ean mang t\u00ean Chipmunks and \r\nChipettes. C\u00e2u chuy\u1ec7n c\u1ee7a ph\u1ea7n 3 phim hay n\u00e0y xoay quanh chuy\u1ebfn du ngo\u1ea1n\r\n tr\u00ean bi\u1ec3n c\u1ee7a nh\u00f3m nh\u1ea1c s\u00f3c chu\u1ed9t c\u00f9ng ch\u00fa qu\u1ea3n l\u00fd Dave tr\u01b0\u1edbc khi tham \r\ngia show di\u1ec5n qu\u1ed1c t\u1ebf. Th\u1ebf nh\u01b0ng, thay v\u00ec t\u1eadn h\u01b0\u1edfng k\u1ef3 ngh\u1ec9 5 sao tr\u00ean \r\ndu thuy\u1ec1n sang tr\u1ecdng, c\u1ea3 nh\u00f3m s\u00f3c chu\u1ed9t c\u1ea7m \u0111\u1ea7u l\u00e0 Alvin l\u1ea1i qu\u1eady ph\u00e1 \r\ng\u00e2y bao thi\u1ec7t h\u1ea1i. \u0110i\u1ec1u n\u00e0y khi\u1ebfn qu\u1ea3n l\u00fd Dave v\u00f4 c\u00f9ng gi\u1eadn d\u1eef, c\u1ea5m t\u00fac \r\nc\u1ea3 nh\u00f3m trong ph\u00f2ng v\u00e0 l\u1ea1i c\u00e0ng khi\u1ebfn Alvin quy\u1ebft t\u00e2m \u0111\u00e0o tho\u00e1t. V\u00f4 \r\nt\u00ecnh, c\u1eadu nh\u00f3c d\u1eabn c\u1ea3 nh\u00f3m \u0111\u1ebfn m\u1ed9t hoang \u0111\u1ea3o. V\u00e0 t\u1ea1i \u0111\u00e2y, nh\u00f3m s\u00f3c chu\u1ed9t\r\n ph\u1ea3i \u0111\u1ed1i m\u1eb7t v\u1edbi nh\u1eefng nguy hi\u1ec3m ch\u01b0a t\u1eebng tr\u1ea3i qua. Li\u1ec7u phim s\u1ebd di\u1ec5n \r\nbi\u1ebfn th\u1ebf n\u00e0o m\u1eddi c\u00e1c b\u1ea1n c\u00f9ng theo d\u00f5i b\u1ed9 phim Si\u00eau Qu\u1eady 4 v\u00e0 c\u00f3 nh\u1eefng \r\ngi\u00e2y ph\u00fat xem phim online tuy\u1ec7t v\u1eddi!</p>"},
{"ishd": "1", "sub": "0", "country": "Trung Qu\u1ed1c", "film_type": "Phim le", "film_star": "Ch\u00e2u Nhu\u1eadn Ph\u00e1t; L\u01b0u \u0110\u1ee9c Hoa; Tr\u01b0\u01a1ng H\u1ecdc H\u1eefu; T\u1ea1 \u0110\u00ecnh Phong; L\u01b0u Gia Linh; C\u1ea3nh \u0110i\u1ec1m", "name_vn": "From Vegas to Macau III (2016)", "product_url": "http://phimnhanh.com/phim/do-thanh-phong-van-3-from-vegas-to-macau-iii-2016", "director": "Jing Wong", "year": "2016", "film_genre": "T\u00e2m L\u00fd - T\u00ecnh C\u1ea3m; H\u00e0i H\u01b0\u1edbc", "image_poster": "https://2.bp.blogspot.com/-TrmHMvw_2fw/VtouHOkCXyI/AAAAAAAAYUQ/VhHyuCoIxks/s1600/1.jpg", "name_en": "\u0110\u1ed5 Th\u00e0nh Phong V\u00e2n 3", "film_status": null, "product_name": "phimnhanh", "description": "<p>Phim \u0110\u1ed5 Th\u00e0nh Phong V\u00e2n 3 - Ti\u1ebfp t\u1ee5c \u0111\u01b0a ng\u01b0\u1eddi xem d\u00f5i theo cu\u1ed9c \u0111\u1eddi \r\nnhi\u1ec1u bi\u1ebfn \u0111\u1ed9ng c\u1ee7a Cao Ti\u1ebfn (do Ch\u00e2u Nhu\u1eadn Ph\u00e1t th\u1ee7 vai) \u2013 m\u1ed9t tay ch\u01a1i\r\n b\u00e0i b\u1ea5t kh\u1ea3 chi\u1ebfn b\u1ea1i chuy\u00ean h\u00e0nh hi\u1ec7p tr\u01b0\u1ee3ng ngh\u0129a v\u00e0 ra tay c\u1ee9u gi\u00fap \r\nng\u01b0\u1eddi ngh\u00e8o. </p> <p>Nh\u1eefng t\u01b0\u1edfng c\u00f3 th\u1ec3 an t\u00e2m r\u00fat lui kh\u1ecfi ch\u1ed1n \u0111\u1ecf \u0111en \u0111\u1ec3 \r\nch\u0103m s\u00f3c gia \u0111\u00ecnh c\u1ee7a m\u00ecnh, anh \u0111\u1ed9t nhi\u00ean b\u1ecb k\u00e9o v\u00e0o v\u00f2ng xo\u00e1y \u00e2m m\u01b0u \r\nc\u1ee7a m\u1ed9t \u00f4ng tr\u00f9m gi\u1ea5u m\u1eb7t, k\u00e8m theo bi\u1ebft bao r\u1eafc r\u1ed1i d\u1edf kh\u00f3c d\u1edf c\u01b0\u1eddi x\u1ea3y\r\n \u0111\u1ebfn khi\u1ebfn anh v\u00e0 ng\u01b0\u1eddi th\u00e2n \u0111\u01b0\u1ee3c m\u1ed9t phen \u201cl\u00ean b\u1edd xu\u1ed1ng ru\u1ed9ng\u201d. </p> <p>B\u1ecb \r\nbao v\u00e2y gi\u1eefa nh\u1eefng t\u00ean giang h\u1ed3 v\u00f4 s\u1ec9 v\u1edbi v\u00f5 c\u00f4ng cao c\u01b0\u1eddng c\u00f9ng lo\u1ea1t \u0111\u1ed3\r\n ch\u01a1i c\u00f4ng ngh\u1ec7 m\u1edbi nh\u1eb1m \u00e1m s\u00e1t Ti\u1ebfn, li\u1ec7u m\u1ed9t t\u01b0\u01a1ng lai y\u00ean \u1ed5n v\u00e0 \u1ea5m \u00eam\r\n c\u00f3 g\u1ecdi t\u00ean anh?.....m\u1eddi c\u00e1c b\u1ea1n \u0111\u00f3n xem ;-)</p>"},
{"ishd": null, "sub": "0", "country": "M\u1ef9 - Ch\u00e2u \u00c2u", "film_type": "Phim le", "film_star": "Ben Affleck; Henry Cavill; Amy Adams", "name_vn": "Batman v Superman: Dawn of Justice (2016)", "product_url": "http://phimnhanh.com/phim/batman-dai-chien-superman-anh-sang-cong-ly-batman-v-superman-dawn-of-justice-2016", "director": "Zack Snyder", "year": "2016", "film_genre": "H\u00e0nh \u0110\u1ed9ng; Th\u1ea7n Tho\u1ea1i; Phi\u00eau L\u01b0u", "image_poster": "https://4.bp.blogspot.com/-g41JHwmAwWg/VtsZMDlXd4I/AAAAAAAAYVE/Lmt4zotbprA/s1600/1.jpg", "name_en": "Batman \u0110\u1ea1i Chi\u1ebfn Superman: \u00c1nh S\u00e1ng C\u00f4ng L\u00fd", "film_status": null, "product_name": "phimnhanh", "description": "<p>\u0110\u1ebfn t\u1eeb DC v\u00e0 Warner Bros., \u0111\u00e2y l\u00e0 c\u00e2u tr\u1ea3 l\u1eddi d\u00e0nh cho th\u01b0\u01a1ng hi\u1ec7u \r\nAvengers c\u1ee7a Marvel Studios v\u00e0 Disney. Sau nh\u1eefng s\u1ef1 ki\u1ec7n \u1edf Man of Steel \r\n(2013), Ng\u01b0\u1eddi D\u01a1i v\u00e0 Si\u00eau Nh\u00e2n r\u01a1i v\u00e0o th\u1ebf \u0111\u1ed1i \u0111\u1ea7u. Song, nhi\u1ec1u k\u1ebb th\u00f9 \r\nm\u1edbi xu\u1ea5t hi\u1ec7n v\u00e0 bu\u1ed9c h\u1ecd ph\u1ea3i c\u00f9ng nhau h\u1ee3p l\u1ef1c.</p>"},
{"ishd": "1", "sub": "1", "country": "M\u1ef9 - Ch\u00e2u \u00c2u", "film_type": "Phim le", "film_star": "Jennifer Lawrence; Josh Hutcherson; Liam Hemsworth", "name_vn": "The Hunger Games: Mockingjay - Part 2 (2015)", "product_url": "http://phimnhanh.com/phim/dau-truong-sinh-tu-hung-nhai-phan-2-the-hunger-games-mockingjay-part-2-2015-2015", "director": "Francis Lawrence", "year": "2015", "film_genre": "Vi\u1ec5n T\u01b0\u1edfng", "image_poster": "http://4.bp.blogspot.com/-5t0ttJL7Dbg/VlylZO3LACI/AAAAAAAAIXA/rnpjeI7Mt2U/s1600/1.jpg", "name_en": "\u0110\u1ea5u Tr\u01b0\u1eddng Sinh T\u1eed: H\u00fang Nh\u1ea1i - Ph\u1ea7n 2", "film_status": null, "product_name": "phimnhanh", "description": "<p>Sau khi tr\u1edf th\u00e0nh th\u1ee7 l\u0129nh tinh th\u1ea7n \r\nd\u01b0\u1edbi bi\u1ec3u t\u01b0\u1ee3ng \u201cH\u00fang nh\u1ea1i\u201d, Katniss v\u00e0 ng\u01b0\u1eddi d\u00e2n Qu\u1eadn 13 \u0111\u00e3 ch\u00e2m ng\u00f2i \r\ncho cu\u1ed9c chi\u1ebfn cu\u1ed1i c\u00f9ng ch\u1ed1ng l\u1ea1i Capitol. M\u1ecdi m\u1ea5t m\u00e1t, \u0111au th\u01b0\u01a1ng, m\u1ecdi\r\n s\u1ef1 hi sinh ph\u1ea3i \u0111\u01b0\u1ee3c tr\u1ea3 gi\u00e1 b\u1eb1ng t\u1ef1 do, v\u00e0 k\u1ebft cu\u1ed9c n\u00e0o s\u1ebd \u0111\u1ebfn \u1edf \u0111\u1ea5u \r\ntr\u01b0\u1eddng l\u1edbn nh\u1ea5t n\u00e0y? Mocking Jay Part 2 s\u1ebd l\u00e0 m\u00e0n cao tr\u00e0o bi tr\u00e1ng nh\u1ea5t\r\n cho si\u00eau ph\u1ea9m tu\u1ed5i m\u1edbi l\u1edbn \u0111\u00e3 thu v\u1ec1 \u0111\u1ebfn 2 t\u1ec9 \u0111\u00f4la to\u00e0n c\u1ea7u, v\u00e0 \u0111\u01b0a t\u00ean\r\n tu\u1ed5i Jennifer Lawrence l\u00ean \u0111\u1ec9nh cao.</p>"},
{"ishd": "1", "sub": "0", "country": "M\u1ef9 - Ch\u00e2u \u00c2u", "film_type": "Phim le", "film_star": "Lily James; Sam Riley; Jack Huston", "name_vn": "Pride and Prejudice and Zombies (2016)", "product_url": "http://phimnhanh.com/phim/kieu-hanh-va-dinh-kien-va-xac-uop-pride-and-prejudice-and-zombies-2016", "director": "Burr Steers", "year": "2016", "film_genre": "H\u00e0nh \u0110\u1ed9ng; T\u00e2m L\u00fd - T\u00ecnh C\u1ea3m; Kinh D\u1ecb - Ma", "image_poster": "https://4.bp.blogspot.com/-JZsl2kikhzU/Vt490CibclI/AAAAAAAAYaA/V_8T9g9-Qe0/s1600/1.jpg", "name_en": "Ki\u00eau H\u00e3nh V\u00e0 \u0110\u1ecbnh Ki\u1ebfn V\u00e0 X\u00e1c \u01af\u1edbp", "film_status": null, "product_name": "phimnhanh", "description": "<p>KI\u00caU H\u00c3NH V\u00c0 \u0110\u1ecaNH KI\u1ebeN V\u00c0 ZOMBIES - \u0111\u01b0\u1ee3c ph\u00f3ng t\u00e1c t\u1eeb ti\u1ec3u thuy\u1ebft kinh \r\n\u0111i\u1ec3n m\u1ed9t th\u1eddi \u2018Pride and Prejudice\u2019 (\u2018Ki\u00eau H\u00e3nh v\u00e0 \u0110\u1ecbnh Ki\u1ebfn\u2019) c\u1ee7a nh\u00e0 \r\nv\u0103n Jane Austen. </p> <p>C\u00e2u chuy\u1ec7n x\u1ea3y ra t\u1ea1i n\u01b0\u1edbc Anh v\u00e0o th\u1ebf k\u1ef7 19. N\u1ea1n \r\nd\u1ecbch th\u00e2y ma kinh ho\u00e0ng \u0111\u00e3 bi\u1ebfn c\u1ea3 mi\u1ec1n qu\u00ea tr\u00f9 ph\u00fa v\u00e0 y\u00ean b\u00ecnh tr\u1edf \r\nth\u00e0nh m\u1ed9t chi\u1ebfn tr\u01b0\u1eddng. Kh\u00f4ng m\u1ed9t ai \u0111\u01b0\u1ee3c an to\u00e0n, nh\u1eefng ng\u01b0\u1eddi b\u1ea1n th\u00e2n \r\nthi\u1ebft nh\u1ea5t c\u0169ng c\u00f3 th\u1ec3 ngay l\u1eadp t\u1ee9c bi\u1ebfn th\u00e0nh k\u1ebb th\u00f9 \u0111\u00e1ng s\u1ee3. C\u1ea3nh \r\nt\u01b0\u1ee3ng ch\u1ebft ch\u00f3c \u0111i\u00eau t\u00e0n di\u1ec5n ra \u1edf kh\u1eafp m\u1ecdi n\u01a1i\u2026 V\u00e0 nh\u00e2n v\u1eadt ti\u00ean phong \r\ntrong phong tr\u00e0o ti\u00eau di\u1ec7t c\u00e1c th\u00e2y ma ch\u00ednh l\u00e0 Elizabeth Bennet \u2013 m\u1ed9t \r\nqu\u00fd c\u00f4 sinh ra trong gia \u0111\u00ecnh trung l\u01b0u v\u00e0 \u0111\u01b0\u1ee3c cha m\u00ecnh hu\u1ea5n luy\u1ec7n \u0111\u1ec3 \r\ntr\u1edf th\u00e0nh m\u1ed9t th\u1ee3 s\u0103n x\u00e1c s\u1ed1ng. </p> <p>Nh\u1eefng t\u00ecnh c\u1ea3nh kh\u00f3 kh\u0103n v\u00e0 \u0111\u1ea7y r\u1ee7i \r\nro \u0111\u00e3 bu\u1ed9c n\u1eef anh h\u00f9ng m\u1ea1nh m\u1ebd, b\u1ea3n l\u0129nh v\u00e0 t\u00e0i ba n\u00e0y ph\u1ea3i b\u1eaft tay h\u1ee3p \r\nt\u00e1c v\u1edbi Darcy \u2013 m\u1ed9t cao th\u1ee7 v\u1edbi v\u1ebb ngo\u00e0i quy\u1ebfn r\u0169 nh\u01b0ng v\u00f4 c\u00f9ng ng\u1ea1o \r\nm\u1ea1n. Tuy kh\u00f4ng \u01b0a t\u00ednh t\u00ecnh \u201cng\u1ed7 ng\u01b0\u1ee3c\u201d c\u1ee7a Darcy nh\u01b0ng Elizabeth v\u1eabn \r\nr\u1ea5t ng\u01b0\u1ee1ng m\u1ed9 kh\u1ea3 n\u0103ng thi\u00ean b\u1ea9m c\u1ee7a anh trong vi\u1ec7c ti\u00eau di\u1ec7t th\u00e2y ma. \r\nV\u00e0 d\u1ea7n d\u1ea7n, hai ng\u01b0\u1eddi \u0111\u00e3 g\u1ea1t b\u1ecf nh\u1eefng \u00e1c c\u1ea3m v\u1ec1 \u0111\u1ed1i ph\u01b0\u01a1ng c\u0169ng nh\u01b0 \r\nnh\u1eefng \u0111\u1ecbnh ki\u1ebfn c\u1ee7a x\u00e3 h\u1ed9i v\u1ec1 \u0111\u1ecba v\u1ecb hay th\u00e2n ph\u1eadn \u0111\u1ec3 hi\u1ec7p l\u1ef1c tham gia \r\nv\u00e0o m\u1ed9t cu\u1ed9c chi\u1ebfn \u0111\u1eabm m\u00e1u nh\u1eb1m ch\u1ea5m d\u1ee9t ho\u00e0n to\u00e0n \u0111\u1ea1i d\u1ecbch th\u00e2y ma \u0111ang\r\n ho\u00e0nh h\u00e0nh tr\u00ean kh\u1eafp \u0111\u1ea5t n\u01b0\u1edbc. ...m\u1eddi c\u00e1c b\u1ea1n \u0111\u00f3n xem ;-)</p>"},
{"ishd": null, "sub": "0", "country": "M\u1ef9 - Ch\u00e2u \u00c2u", "film_type": "Phim le", "film_star": "Scarlett Johansson; Elizabeth Olsen; Chris Evans", "name_vn": "Captain America: Civil War (2016)", "product_url": "http://phimnhanh.com/phim/noi-chien-sieu-anh-hung-captain-america-civil-war-2016", "director": "Anthony Russo, Joe Russo", "year": "2016", "film_genre": "H\u00e0nh \u0110\u1ed9ng; Vi\u1ec5n T\u01b0\u1edfng", "image_poster": "https://4.bp.blogspot.com/-yy6df430wLw/VuIiCtJvxFI/AAAAAAAAYeg/n7Wa6rXZnO0LXhfohrBzvLodKB_yMv2ZA/s1600/1.jpg", "name_en": "N\u1ed9i Chi\u1ebfn Si\u00eau Anh H\u00f9ng", "film_status": null, "product_name": "phimnhanh", "description": "<p>D\u00f9 t\u1edbi n\u0103m 2016, \"Captain America 3\" v\u1edbi t\u1ef1a \"Civil War\" m\u1edbi ph\u00e1t h\u00e0nh \r\nt\u1ea1i c\u00e1c r\u1ea1p song ng\u01b0\u1eddi h\u00e2m m\u1ed9 \u0111ang r\u1ea5t n\u00f3ng l\u00f2ng \u0111\u1ec3 \u0111\u01b0\u1ee3c xem t\u00e1c ph\u1ea9m c\u00f3\r\n t\u00ednh b\u01b0\u1edbc ngo\u1eb7t n\u00e0y c\u1ee7a Marvel. \"Civil War\" s\u1ebd t\u1eadp trung v\u00e0o s\u1ef1 m\u00e2u \r\nthu\u1eabn gi\u1eefa nh\u1eefng si\u00eau anh h\u00f9ng khi Ch\u00ednh ph\u1ee7 ra m\u1ed9t s\u1eafc l\u1ec7nh \u0111i\u1ec1u ch\u1ec9nh \r\nt\u1ea5t t\u1ea7n t\u1eadt m\u1ecdi h\u00e0nh vi c\u1ee7a nh\u1eefng ng\u01b0\u1eddi mang n\u0103ng l\u1ef1c si\u00eau nhi\u00ean. H\u00e3y \r\nc\u00f9ng th\u01b0\u1edfng th\u1ee9c trailer fanmade ph\u00eda tr\u00ean trong khi ch\u1edd \u0111\u1ee3i si\u00eau ph\u1ea9m \r\nn\u00e0y ra r\u1ea1p.</p>"},
{"ishd": "1", "sub": "0", "country": "Trung Qu\u1ed1c", "film_type": "Phim le", "film_star": "Chung T\u1eed \u0110\u01a1n; Mike Tyson; H\u00f9ng \u0110\u1ea1i L\u00e2m; Tr\u01b0\u01a1ng T\u1ea5n; \u0110\u00e0m Di\u1ec7u V\u0103n; Ng\u00f4 Thi\u00ean Ng\u1eef; Tr\u01b0\u01a1ng K\u1ebf Th\u00f4ng", "name_vn": "Ip Man 3 (2015)", "product_url": "http://phimnhanh.com/phim/diep-van-3-ip-man-3-2015-2015", "director": "Di\u1ec7p V\u1ef9 T\u00edn", "year": "2015", "film_genre": "H\u00e0nh \u0110\u1ed9ng", "image_poster": "http://1.bp.blogspot.com/-frFccaKhqRY/VofpRGQtfEI/AAAAAAAAMP8/5QnFqT64nCM/s1600/1.jpg", "name_en": "Di\u1ec7p V\u1ea5n 3", "film_status": null, "product_name": "phimnhanh", "description": "<p>Di\u1ec7p V\u1ea5n 3 mang t\u00ean Tr\u1eadn Chi\u1ebfn Cu\u1ed1i \r\nC\u00f9ng, c\u0169ng ch\u00ednh l\u00e0 t\u00e1c ph\u1ea9m cu\u1ed1i c\u00f9ng kh\u00e9p l\u1ea1i lo\u1ea1t phim kinh \u0111i\u1ec3n n\u00e0y.\r\n Trong ph\u1ea7n n\u00e0y, phim t\u1eadp trung v\u00e0o 2 tuy\u1ebfn k\u1ecbch b\u1ea3n: kh\u1eafc h\u1ecda t\u00ecnh c\u1ea3m \r\nth\u1ea7y tr\u00f2 c\u1ee7a gi\u1eefa Di\u1ec7p V\u1ea5n v\u00e0 L\u00fd Ti\u1ec3u Long, b\u00ean c\u1ea1nh \u0111\u00f3 phim s\u1ebd khai \r\nth\u00e1c cu\u1ed9c \u0111\u1ed1i \u0111\u1ea7u kh\u1ed1c li\u1ec7t c\u1ee7a Di\u1ec7p V\u1ea5n v\u00e0 v\u1ecb v\u00f5 s\u0129 quy\u1ec1n Anh ng\u01b0\u1eddi M\u1ef9.\r\n \u0110i\u1ec3m th\u00fa v\u1ecb \u1edf ph\u1ea7n n\u00e0y ch\u00ednh l\u00e0 vi\u1ec7c nh\u00e0 s\u1ea3n xu\u1ea5t \u0111\u00e3 kh\u00f4ng ch\u1ecdn m\u1ed9t \r\ndi\u1ec5n vi\u00ean h\u00f3a th\u00e2n thanh L\u00fd Ti\u1ec3u Long m\u00e0 l\u1ea1i d\u00f9ng c\u00f4ng ngh\u1ec7 CGI \u0111\u1ec3 l\u00e0m \r\ns\u1ed1ng l\u1ea1i nh\u00e2n v\u1eadt huy\u1ec1n tho\u1ea1i n\u00e0y. B\u00ean c\u1ea1nh \u0111\u00f3, phim l\u1ea1i c\u00e0ng tr\u1edf n\u00ean \r\nn\u00f3ng h\u01a1n bao gi\u1edd h\u1ebft khi nh\u00e2n v\u1eadt \u0111\u00ecnh \u0111\u00e1m c\u1ee7a l\u00e0ng quy\u1ec1n Anh th\u1ebf gi\u1edbi \r\nMike Tyson l\u1ea1i g\u00f3p m\u1eb7t trong phim v\u1edbi vai tr\u00f2 \u0111\u1ed1i tr\u1ecdng c\u00f9ng Di\u1ec7p V\u1ea5n, \r\nh\u1ee9a h\u1eb9n mang \u0111\u1ebfn nh\u1eefng m\u00e0n giao \u0111\u1ea5u \u201c\u0111\u1ec3 \u0111\u1eddi\u201d.</p>"},
{"ishd": "1", "sub": "1", "country": "M\u1ef9 - Ch\u00e2u \u00c2u", "film_type": "Phim le", "film_star": "Colin Firth; Taron Egerton; Samuel L. Jackson; Jack Davenport", "name_vn": "Kingsman Secret Service (2014)", "product_url": "http://phimnhanh.com/phim/dac-vu-kingsman-kingsman-secret-service-2014-2014", "director": "Matthew Vaughn", "year": "2014", "film_genre": "H\u00e0nh \u0110\u1ed9ng", "image_poster": "http://1.bp.blogspot.com/-J8ossCao1Ws/VOMsQ_9hOcI/AAAAAAAAIks/W1kj5MX-Mto/s1600/timthumb.jpg", "name_en": "\u0110\u1eb7c V\u1ee5 Kingsman", "film_status": null, "product_name": "phimnhanh", "description": "<p>Phim \u0110\u1eb7c V\u1ee5 Kingsman c\u1ee7a \u0111\u1ea1o di\u1ec5n n\u1ed5i ti\u1ebfng Matthew Vaughn (Kick \u2013  Ass, X-Men: First Class), d\u1ef1a tr\u00ean cu\u1ed1n truy\u1ec7n tranh do 2 h\u1ecda s\u0129 n\u1ed5i  ti\u1ebfng Mark Millar v\u00e0 Dave Gibbons, l\u00e0 b\u1ed9 phim h\u00e0nh \u0111\u1ed9ng v\u1ec1 m\u1ed9t cu\u1ed9c \u0111\u00e0o  t\u1ea1o \u0111i\u1ec7p vi\u00ean b\u00ed m\u1eadt c\u1ee7a ch\u00ednh ph\u1ee7. Harry Hart (Colin Firth), ng\u01b0\u1eddi  chuy\u00ean b\u1ea3o tr\u1ee3 cho nh\u1eefng \u0111i\u1ec7p vi\u00ean tr\u1ebb tu\u1ed5i n\u00e0y, t\u00ecnh c\u1edd \u0111\u1ec3 m\u1eaft \u0111\u1ebfn Hugo  (Tom Prior), m\u1ed9t c\u1eadu b\u00e9 m\u1ed3 c\u00f4i mang trong m\u00ecnh nh\u1eefng k\u0129 n\u0103ng \u0111\u1eb7c bi\u1ec7t  c\u00f3 th\u1ec3 khi\u1ebfn c\u1eadu tr\u1edf th\u00e0nh m\u1ed9t \u0111i\u1ec7p vi\u00ean si\u00eau h\u1ea1ng. V\u00e0 \u00f4ng \u0111\u00e3 \u0111\u01b0a Hugo  v\u00e0o gia nh\u1eadp v\u1edbi nh\u00f3m nh\u1eefng \u0111i\u1ec7p vi\u00ean tr\u1ebb kh\u00e1c. T\u1ea1i \u0111\u00e2y, Hugo kh\u00f4ng ch\u1ec9  \u0111\u01b0\u1ee3c \u00f4ng \u0111\u00e0o t\u1ea1o chuy\u00ean nghi\u1ec7p, m\u00e0 c\u00f2n \u0111\u01b0\u1ee3c tham gia v\u00e0o m\u1ed9t \u0111\u1ee3t hu\u1ea5n  luy\u1ec7n c\u1ef1c k\u00ec nghi\u00eam kh\u1eafc \u0111\u1ec3 ch\u1ecdn ra ng\u01b0\u1eddi danh gi\u00e1 nh\u1ea5t cho v\u1ecb tr\u00ed th\u1ee7  l\u0129nh xu\u1ea5t s\u1eafc c\u1ee7a nh\u00f3m \u0111i\u1ec7p vi\u00ean tr\u1ebb \u0111\u1ea7y t\u00e0i n\u0103ng.</p> <p>\u00a0Ngo\u00e0i ra phim  c\u00f2n c\u00f3 s\u1ef1 tham gia c\u1ee7a m\u1ed9t lo\u1ea1t ng\u00f4i sao l\u1eebng l\u1eaby t\u1eebng \u0111o\u1ea1t gi\u1ea3i Oscar  nh\u01b0: Colin Firth, Samuel L.Jackson, Michael Caine v\u00e0 g\u01b0\u01a1ng m\u1eb7t m\u1edbi Taron  Egerton.</p>"},
{"ishd": "1", "sub": "1", "country": "Trung Qu\u1ed1c", "film_type": "Phim le", "film_star": "La Ch\u00ed T\u01b0\u1eddng; \u0110\u1eb7ng Si\u00eau; L\u00e2m Do\u00e3n", "name_vn": "The Mermaid (2016)", "product_url": "http://phimnhanh.com/phim/my-nhan-ngu-the-mermaid-2016", "director": "Ch\u00e2u Tinh Tr\u00ec", "year": "2016", "film_genre": "H\u00e0i H\u01b0\u1edbc; Th\u1ea7n Tho\u1ea1i", "image_poster": "https://1.bp.blogspot.com/-hghpCDLhuFA/VsCLcA0l8bI/AAAAAAAAW9Y/XOewUkyxTI8/s1600/1.jpg", "name_en": "M\u1ef9 Nh\u00e2n Ng\u01b0", "film_status": null, "product_name": "phimnhanh", "description": "<p>Sau th\u00e0nh c\u00f4ng c\u1ee7a b\u1ed9 phim: T\u00e2y Du K\u00fd: \r\nM\u1ed1i T\u00ecnh Ngo\u1ea1i Truy\u1ec7n n\u0103m 2013 v\u1edbi doanh thu k\u1ef7 l\u1ee5c h\u01a1n m\u1ed9t t\u1ef7 nh\u00e2n d\u00e2n \r\nt\u1ec7 (h\u01a1n 3,3 ngh\u00ecn t\u1ef7 \u0111\u1ed3ng), Ch\u00e2u Tinh Tr\u00ec quay tr\u1edf l\u1ea1i v\u1edbi d\u1ef1 \u00e1n The \r\nMermaid- M\u1ef9 Nh\u00e2n Ng\u01b0. B\u1ed9 phim k\u1ec3 v\u1ec1 m\u1ed1i t\u00ecnh gi\u1eefa nh\u00e2n v\u1eadt M\u1ef9 Nh\u00e2n Ng\u01b0 \r\nv\u00e0 m\u1ed9t ch\u00e0ng trai g\u0103p n\u1ea1n tr\u00ean bi\u1ec3n. V\u1edbi h\u01a1n 3 n\u0103m l\u00e0m vi\u1ec7c mi\u1ec7t m\u00e0i v\u00e0 \r\n\u0111\u1ea7y t\u00e2m huy\u1ebft, Ch\u00e2u Tinh Tr\u00ec h\u1ee9a h\u1eb9n b\u1ed9 phim s\u1ebd c\u1ef1c k\u1ef3 \u0111\u1eb7c bi\u1ec7t v\u1edbi \r\nnh\u1eefng k\u0129 x\u1ea3o ho\u00e0nh tr\u00e1ng v\u00e0 ch\u1ea5t \u0111i\u00ean kh\u00f4ng \u0111\u1ee5ng mang m\u00e1c Ch\u00e2u Tinh Tr\u00ec.</p>"},
{"ishd": null, "sub": "0", "country": "M\u1ef9 - Ch\u00e2u \u00c2u", "film_type": "Phim le", "film_star": "Gerard Butler; Abbey Lee; Nikolaj Coster-Waldau", "name_vn": "Gods of Egypt (2016)", "product_url": "http://phimnhanh.com/phim/cac-vi-than-ai-cap-gods-of-egypt-2016", "director": "Alex Proyas", "year": "2016", "film_genre": "Th\u1ea7n Tho\u1ea1i; Phi\u00eau L\u01b0u", "image_poster": "https://4.bp.blogspot.com/-C5tARlKWrYg/VsWW2PPTASI/AAAAAAAAXJs/xAoMGiuvcxI/s1600/1.jpg", "name_en": "C\u00e1c V\u1ecb Th\u1ea7n Ai C\u1eadp", "film_status": null, "product_name": "phimnhanh", "description": null}]